Benchmark,Size_Before,Size_After,Haploid_Time,Z3_Time_Before,Z3_Time_After,Z3_Speedup,Z3_Speedup_with_Haploid,Result_Before,Result_After
/QF_BV/20190429-UltimateAutomizerSvcomp2019/byte_add_1_true-unreach-call_true-no-overflow_true-termination.i_1.smt2,3397,0,0.004250665195286274,0.025385824963450432,0.002303679473698139,11.019686225140557,3.8731293890566683,unsat,
/QF_BV/20190429-UltimateAutomizerSvcomp2019/byte_add_1_true-unreach-call_true-no-overflow_true-termination.i_0.smt2,3397,0,0.003782636485993862,0.024966498836874962,0.0035857288166880608,6.962740383678857,3.3883361928035387,unsat,
/QF_BV/20190429-UltimateAutomizerSvcomp2019/byte_add_1_true-unreach-call_true-no-overflow_true-termination.i_2.smt2,3250,0,0.005323955789208412,0.025896736420691013,0.003678581677377224,7.039869898758104,2.8766041259823587,unsat,
/QF_BV/20190429-UltimateAutomizerSvcomp2019/byte_add_1_true-unreach-call_true-no-overflow_true-termination.i_13.smt2,2732,0,0.004411510191857815,0.029936062172055244,0.0040809884667396545,7.335492961089274,3.525000518163069,unsat,
/QF_BV/bruttomesso/simple_processor/simple_processors_002_002_0004.smt2,3589,0,0.004549587145447731,0.02951805479824543,0.002346741035580635,12.578317910114874,4.280256684919505,unsat,
/QF_BV/20190429-UltimateAutomizerSvcomp2019/byte_add_1_true-unreach-call_true-no-overflow_true-termination.i_3.smt2,3344,0,0.00435118842869997,0.02831244934350252,0.0019180355593562126,14.761170201143495,4.516101099185802,unsat,
/QF_BV/20190429-UltimateAutomizerSvcomp2019/byte_add_1_true-unreach-call_true-no-overflow_true-termination.i_11.smt2,3512,0,0.02540775667876005,0.021176892332732677,0.003561277873814106,5.946430770944689,0.7310182289402848,unsat,
/QF_BV/20190429-UltimateAutomizerSvcomp2019/byte_add_1_true-unreach-call_true-no-overflow_true-termination.i_9.smt2,3413,0,0.029957002960145473,0.020737294107675552,0.0032941875979304314,6.295116319636358,0.6236556874995554,unsat,
/QF_BV/20190429-UltimateAutomizerSvcomp2019/byte_add_1_true-unreach-call_true-no-overflow_true-termination.i_10.smt2,3430,0,0.028414422646164894,0.025090273469686508,0.0027872687205672264,9.001741843025627,0.8041318393540123,unsat,
/QF_BV/20190429-UltimateAutomizerSvcomp2019/byte_add_1_true-unreach-call_true-no-overflow_true-termination.i_4.smt2,3253,0,0.026453455910086632,0.026318670250475407,0.004040727391839027,6.513349627007918,0.8630718189725523,unsat,
/QF_BV/bruttomesso/simple_processor/simple_processors_002_002_0008.smt2,3595,0,0.0041854120790958405,0.04720940254628658,0.0038677696138620377,12.20584658845467,5.862205069527855,unsat,
/QF_BV/20190429-UltimateAutomizerSvcomp2019/byte_add_1_true-unreach-call_true-no-overflow_true-termination.i_12.smt2,3606,0,0.03157798480242491,0.026218656450510025,0.0017359573394060135,15.103283851134943,0.7870175297443516,unsat,
/QF_BV/20190429-UltimateAutomizerSvcomp2019/byte_add_1_true-unreach-call_true-no-overflow_true-termination.i_5.smt2,3347,0,0.03024571482092142,0.0273986728861928,0.0021367333829402924,12.82269145273068,0.8460964011647957,unsat,
/QF_BV/20190429-UltimateAutomizerSvcomp2019/byte_add_1_true-unreach-call_true-no-overflow_true-termination.i_7.smt2,3328,0,0.0335703631862998,0.02311829850077629,0.0022195661440491676,10.415683516690088,0.6459442344070948,unsat,
/QF_BV/20190429-UltimateAutomizerSvcomp2019/byte_add_1_true-unreach-call_true-no-overflow_true-termination.i_6.smt2,3311,0,0.033342584036290646,0.02519006747752428,0.0020844312384724617,12.084863732892611,0.7110412006813555,unsat,
/QF_BV/20190429-UltimateAutomizerSvcomp2019/byte_add_1_true-unreach-call_true-no-overflow_true-termination.i_14.smt2,3627,0,0.03764261957257986,0.023655839264392853,0.002888052724301815,8.190930541308465,0.5836527726734222,unsat,
/QF_BV/20190429-UltimateAutomizerSvcomp2019/byte_add_1_true-unreach-call_true-no-overflow_true-termination.i_8.smt2,3379,0,0.044899831525981426,0.025712748058140278,0.0036313822492957115,7.080705442983078,0.5298187714241533,unsat,
/QF_BV/bruttomesso/simple_processor/simple_processors_004_002_0004.smt2,4897,0,0.004917429760098457,0.049430337734520435,0.0037417253479361534,13.210573502351004,5.70844812430433,unsat,
/QF_BV/bruttomesso/simple_processor/simple_processors_002_002_0016.smt2,3615,0,0.0030421875417232513,0.07178272493183613,0.0035691987723112106,20.111719607410294,10.857439199923594,unsat,
/QF_BV/bruttomesso/core/ext_con_004_004_0016.smt2,3240,0,0.0043633487075567245,0.018086930736899376,0.0028390297666192055,6.3708140539990845,2.5112441399393157,unsat,
/QF_BV/bruttomesso/core/ext_con_004_002_0128.smt2,1888,0,0.004323968663811684,0.036875659599900246,0.003650061786174774,10.10274942182432,4.624469373572918,unsat,
/QF_BV/bruttomesso/core/ext_con_004_001_0512.smt2,1129,0,0.004109330475330353,0.07347588986158371,0.00416503194719553,17.64113476033665,8.879945802416763,unsat,
/QF_BV/bruttomesso/core/ext_con_020_001_0016.smt2,4069,0,0.005018005147576332,0.04308553226292133,0.0037855571135878563,11.381556523944752,4.894102067408299,unsat,
/QF_BV/bruttomesso/core/ext_con_024_001_0032.smt2,4921,0,0.005504853092133999,0.07573585864156485,0.0033727698028087616,22.455092718896452,8.531096616495013,unsat,
/QF_BV/bruttomesso/core/ext_con_036_002_0032.smt2,13453,0,0.00796393770724535,0.10352599713951349,0.003785216249525547,27.35008789854208,8.811357610975273,unsat,
/QF_BV/bruttomesso/core/ext_con_040_001_0032.smt2,8009,0,0.006302543915808201,0.12223407253623009,0.0033359192311763763,36.64179617835818,12.681904850616293,unsat,
/QF_BV/bruttomesso/simple_processor/simple_processors_006_002_0004.smt2,6203,0,0.005158371292054653,0.1348741129040718,0.004341769032180309,31.064322377448526,14.197065338077845,unsat,
/QF_BV/bruttomesso/core/ext_con_044_002_0016.smt2,16230,0,0.009038019925355911,0.09902476333081722,0.003164852038025856,31.288907709121855,8.114873582872093,unsat,
/QF_BV/bruttomesso/simple_processor/simple_processors_004_003_0004.smt2,6895,0,0.005699151195585728,0.2059383299201727,0.0038478588685393333,53.520239945377185,21.570976519028733,unsat,
/QF_BV/bruttomesso/core/ext_con_024_008_0032.smt2,32573,0,0.014921518974006176,0.08684271015226841,0.0037778252735733986,22.987487208513738,4.644158051879773,unsat,
/QF_BV/bruttomesso/core/ext_con_016_002_0064.smt2,6237,0,0.00649334117770195,0.1081885565072298,0.003730284981429577,29.002759050802638,10.582209758383827,unsat,
/QF_BV/bruttomesso/simple_processor/simple_processors_002_002_0032.smt2,3615,0,0.004693652503192425,0.15262921247631311,0.003586108796298504,42.56123312093971,18.43401119374025,unsat,
/QF_BV/bruttomesso/core/ext_con_008_016_0256.smt2,23293,0,0.011109060607850552,0.12290916964411736,0.003294507972896099,37.307291606300694,8.533244310608614,unsat,
/QF_BV/bruttomesso/simple_processor/simple_processors_004_002_0008.smt2,4901,0,0.004514905624091625,0.26158465910702944,0.002893642522394657,90.39978403778534,35.30849147968263,unsat,
/QF_BV/bruttomesso/core/ext_con_008_032_0512.smt2,46685,0,0.016662507317960262,0.180524374358356,0.003625551238656044,49.79225570820359,8.898060593357451,unsat,
/QF_BV/bruttomesso/core/ext_con_024_004_0064.smt2,16979,0,0.006923777982592583,0.18216614983975887,0.0038373786956071854,47.471507059830294,16.92811983760034,unsat,
/QF_BV/bruttomesso/core/ext_con_020_004_0032.smt2,14164,0,0.007764150388538837,0.0646907901391387,0.003170282579958439,20.405370343985794,5.916245526907207,unsat,
/QF_BV/bruttomesso/core/ext_con_044_008_0032.smt2,59133,0,0.020514335483312607,0.1958452695980668,0.0035411370918154716,55.30575759145794,8.141401877947686,unsat,
/QF_BV/bruttomesso/core/ext_con_008_002_0512.smt2,3440,0,0.004201773554086685,0.17640794441103935,0.003247564658522606,54.32007148744238,23.681022310470272,unsat,
/QF_BV/bruttomesso/core/ext_con_024_016_0064.smt2,64892,0,0.024722808972001076,0.1976837096735835,0.0036696214228868484,53.87032799641442,6.962549768517759,unsat,
/QF_BV/20190429-UltimateAutomizerSvcomp2019/s3_srvr_1_alt_true-unreach-call_true-no-overflow.BV.c.cil.c_AllErrorsAtOnce_Iteration21_TraceCheck_0.smt2,41287,0,0.420976834371686,0.022634748369455338,0.0032796980813145638,6.901473186941315,0.05335156123250225,unsat,
/QF_BV/bruttomesso/core/ext_con_052_002_0032.smt2,19277,0,0.010307960212230682,0.26868068519979715,0.00343355443328619,78.2514710106541,19.552479630580855,unsat,
/QF_BV/bruttomesso/simple_processor/simple_processors_008_002_0004.smt2,7511,0,0.0037833265960216522,0.39591549057513475,0.003476325422525406,113.88907609446949,54.536428132318804,unsat,
/QF_BV/bruttomesso/core/ext_con_060_002_0032.smt2,22189,0,0.010572229512035847,0.3685078267008066,0.003629840910434723,101.52175695674573,25.94747214587474,unsat,
/QF_BV/bruttomesso/simple_processor/simple_processors_006_003_0004.smt2,8819,0,0.006071035750210285,0.5213991003111005,0.0035512279719114304,146.82219909144837,54.1867397702265,unsat,
/QF_BV/bruttomesso/core/ext_con_008_064_1024.smt2,93832,0,0.033064682967960835,0.4144279593601823,0.0036324607208371162,114.0901419753482,11.29319390290011,unsat,
/QF_BV/bruttomesso/simple_processor/simple_processors_004_004_0004.smt2,8928,0,0.005538124591112137,0.5761421537026763,0.0034636342898011208,166.34035394532313,64.0032866159402,unsat,
/QF_BV/bruttomesso/core/ext_con_008_032_1024.smt2,46989,0,0.01765526458621025,0.37718490418046713,0.003544728271663189,106.40728294907969,17.79174675714029,unsat,
/QF_BV/bruttomesso/core/ext_con_004_016_0256.smt2,12561,0,0.008243500255048275,0.048300834372639656,0.003916402347385883,12.332960224293466,3.972139905378094,unsat,
/QF_BV/bruttomesso/simple_processor/simple_processors_004_003_0008.smt2,6903,0,0.004827028140425682,0.7991838483139873,0.0036922628059983253,216.44825688346458,93.80872813710472,unsat,
/QF_BV/bruttomesso/core/ext_con_024_004_0016.smt2,16635,0,0.008725008927285671,0.052039179019629955,0.004137321375310421,12.577988098815622,4.04585932683804,unsat,
/QF_BV/bruttomesso/core/ext_con_012_004_0016.smt2,8547,0,0.005497102625668049,0.02975026424974203,0.003680112771689892,8.08406320550901,3.241752858749173,unsat,
/QF_BV/bruttomesso/core/ext_con_008_001_0256.smt2,1907,0,0.00456294696778059,0.16707528289407492,0.003209334798157215,52.059162848951985,21.49629773154725,unsat,
/QF_BV/bruttomesso/core/ext_con_044_001_0032.smt2,8781,0,0.0058293454349040985,0.1858249008655548,0.00350277591496706,53.050753281573336,19.91239653866271,unsat,
/QF_BV/bruttomesso/core/ext_con_008_064_0256.smt2,92318,0,0.03261175472289324,0.14140053559094667,0.00410532858222723,34.4431712976879,3.8510830072177145,unsat,
/QF_BV/bruttomesso/core/ext_con_060_001_0064.smt2,11931,0,0.007540091872215271,0.764110017567873,0.0034896545112133026,218.9643745856672,69.27720647465613,unsat,
/QF_BV/bruttomesso/core/ext_con_056_008_0064.smt2,75690,0,0.02739816438406706,0.6159016964957118,0.003845258615911007,160.1717226371247,19.71300316537481,unsat,
/QF_BV/bruttomesso/core/ext_con_008_256_1024.smt2,379564,0,0.1264940882101655,0.6559673007577658,0.003825589083135128,171.46831154698683,5.033524594151886,unsat,
/QF_BV/bruttomesso/core/ext_con_008_001_0512.smt2,1917,0,0.004239024594426155,0.33291881810873747,0.0036332402378320694,91.63138034257486,42.290093791628316,unsat,
/QF_BV/bruttomesso/core/ext_con_004_004_1024.smt2,3478,0,0.004675251431763172,0.13244787883013487,0.003676092252135277,36.0295307478211,15.85946930737588,unsat,
/QF_BV/bruttomesso/core/ext_con_040_016_0128.smt2,108976,0,0.030308086425065994,0.8439290644600987,0.003883541561663151,217.30913679180014,24.682330563132425,unsat,
/QF_BV/bruttomesso/core/ext_con_064_016_0064.smt2,171052,0,0.05981486011296511,0.7670205011963844,0.0037800557911396027,202.9124816078825,12.061034915951156,unsat,
/QF_BV/bruttomesso/core/ext_con_032_002_0016.smt2,11898,0,0.0070394231006503105,0.05892039556056261,0.0032524876296520233,18.115486442869692,5.724922913204454,unsat,
/QF_BV/bruttomesso/core/ext_con_040_004_0064.smt2,27987,0,0.012381190434098244,0.4180280100554228,0.0035793883726000786,116.78755321869863,26.191281351274373,unsat,
/QF_BV/bruttomesso/simple_processor/simple_processors_004_002_0016.smt2,4933,0,0.004273746162652969,1.106305304914713,0.003947443328797817,280.2586922132293,134.56754719802524,unsat,
/QF_BV/bruttomesso/core/ext_con_052_001_0016.smt2,10117,0,0.00659063458442688,0.12122476473450661,0.0038145165890455246,31.77984992453256,11.650456847139829,unsat,
/QF_BV/bruttomesso/core/ext_con_020_002_0256.smt2,7938,0,0.005783493630588055,1.015022193081677,0.0037017446011304855,274.20103287830733,107.0107221648322,unsat,
/QF_BV/bruttomesso/core/ext_con_044_004_0064.smt2,30739,0,0.013093317858874798,0.46517113875597715,0.0037404149770736694,124.3635108957632,27.633273219270972,unsat,
/QF_BV/bruttomesso/core/ext_con_008_002_0128.smt2,3340,0,0.004594777710735798,0.0608106292784214,0.0035848990082740784,16.962996485554612,7.434356071444146,unsat,
/QF_BV/bruttomesso/core/ext_con_008_004_0128.smt2,6088,0,0.005714902654290199,0.054851287975907326,0.0028722714632749557,19.096832829779274,6.387583065738522,unsat,
/QF_BV/bruttomesso/core/ext_con_036_002_0128.smt2,13747,0,0.007512110285460949,0.9510631104931235,0.004247845150530338,223.89307443902104,80.87301994209939,unsat,
/QF_BV/bruttomesso/core/ext_con_036_001_0016.smt2,7093,0,0.00545251090079546,0.07782946992665529,0.003655051812529564,21.29367076544712,8.545587044136973,unsat,
/QF_BV/bruttomesso/core/ext_con_020_008_0032.smt2,27261,0,0.012337038293480873,0.06683170422911644,0.003869941458106041,17.269435455962697,4.123637176912779,unsat,
/QF_BV/bruttomesso/core/ext_con_048_001_0128.smt2,9701,0,0.0061822086572647095,1.4677989212796092,0.0036676116287708282,400.20565693634546,149.01783775289414,unsat,
/QF_BV/bruttomesso/core/ext_con_020_032_0256.smt2,111832,0,0.03951231297105551,1.4237234611064196,0.003499775193631649,406.8042609414147,33.100542704534256,unsat,
/QF_BV/bruttomesso/core/ext_con_036_008_0064.smt2,48910,0,0.018332251347601414,0.34359882213175297,0.003558957017958164,96.5448080429141,15.695744903343073,unsat,
/QF_BV/bruttomesso/core/ext_con_056_016_0064.smt2,149820,0,0.051825559698045254,0.8129806043580174,0.0035387072712183,229.73943365429204,14.684211475415324,unsat,
/QF_BV/bruttomesso/core/ext_con_020_064_0256.smt2,223617,0,0.07262532971799374,1.2945618592202663,0.00371562410145998,348.41034073161336,16.95763275740442,unsat,
/QF_BV/bruttomesso/core/ext_con_016_008_0064.smt2,22130,0,0.01204327680170536,0.10479484591633081,0.003749106079339981,27.95195539913334,6.635784270536515,unsat,
/QF_BV/bruttomesso/core/ext_con_012_064_0512.smt2,137300,0,0.03931702487170696,1.5065084537491202,0.0036594513803720474,411.6760402473108,35.05425723860369,unsat,
/QF_BV/bruttomesso/core/ext_con_028_008_0256.smt2,39537,0,0.015682058408856392,1.695032438263297,0.0036190608516335487,468.3625138544449,87.82042198625689,unsat,
/QF_BV/bruttomesso/core/ext_con_052_004_0016.smt2,35507,0,0.015215851366519928,0.11333460733294487,0.0035411976277828217,32.00459823076996,6.042240832626125,unsat,
/QF_BV/bruttomesso/core/ext_con_024_002_0064.smt2,9181,0,0.006182690151035786,0.17211405746638775,0.003839758224785328,44.82419136585357,17.17285547527571,unsat,
/QF_BV/bruttomesso/core/ext_con_056_008_0032.smt2,75069,0,0.029094088822603226,0.3095392296090722,0.0034679844975471497,89.25623220865157,9.506127775270384,unsat,
/QF_BV/bruttomesso/core/ext_con_016_032_0128.smt2,88089,0,0.03197645954787731,0.2986246170476079,0.003782927058637142,78.94009385293091,8.350943497258033,unsat,
/QF_BV/bruttomesso/simple_processor/simple_processors_008_003_0004.smt2,10741,0,0.005877967923879623,2.156122148036957,0.003556927666068077,606.1754273514345,228.52633900200993,unsat,
/QF_BV/bruttomesso/core/ext_con_060_002_0128.smt2,22675,0,0.009802320040762424,1.9575267639011145,0.003585878759622574,545.8987587486507,146.2128545510411,unsat,
/QF_BV/bruttomesso/core/ext_con_028_001_0064.smt2,5723,0,0.005222202278673649,0.21295581199228764,0.0035802191123366356,59.48122316270796,24.19286722739434,unsat,
/QF_BV/bruttomesso/core/ext_con_004_002_1024.smt2,1957,0,0.004124180413782597,0.12671141605824232,0.003558298572897911,35.61011350293952,16.49355843054412,unsat,
/QF_BV/bruttomesso/core/ext_con_040_016_0064.smt2,107356,0,0.03132031485438347,0.4410825436934829,0.003712073899805546,118.82375071158704,12.59070703937482,unsat,
/QF_BV/bruttomesso/core/ext_con_060_002_0016.smt2,22006,0,0.010260438546538353,0.17433605436235666,0.0037465449422597885,46.5324871445965,12.446366807084416,unsat,
/QF_BV/bruttomesso/core/ext_con_052_004_0128.smt2,36871,0,0.015192238613963127,1.9820670345798135,0.003615720197558403,548.180425000322,105.38448400714398,unsat,
/QF_BV/bruttomesso/core/ext_con_020_008_0128.smt2,27877,0,0.01189925242215395,0.41593537852168083,0.003404301591217518,122.17935672759396,27.17900548841515,unsat,
/QF_BV/bruttomesso/simple_processor/simple_processors_006_002_0008.smt2,6207,0,0.0033151889219880104,2.8048282377421856,0.0025483882054686546,1100.628323315588,478.3476326436221,unsat,
/QF_BV/bruttomesso/simple_processor/simple_processors_004_002_0032.smt2,4939,0,0.003010706976056099,2.838554475456476,0.0028128186240792274,1009.1494884017534,487.4288653235274,unsat,
/QF_BV/bruttomesso/simple_processor/simple_processors_008_002_0008.smt2,7515,0,0.004463442601263523,2.9977540634572506,0.003374590538442135,888.331200276864,382.4625400307794,unsat,
/QF_BV/bruttomesso/core/ext_con_004_128_1024.smt2,101055,0,0.034583792090415955,0.16789205372333527,0.003762216307222843,44.62583754182604,4.378344989192498,unsat,
/QF_BV/bruttomesso/core/ext_con_040_001_0256.smt2,8334,0,0.007021712139248848,3.0255888337269425,0.003957124426960945,764.5927970100707,275.5837392678723,unsat,
/QF_BV/bruttomesso/core/ext_con_048_002_0016.smt2,17674,0,0.009082382544875145,0.11632627341896296,0.003956222906708717,29.40336683802727,8.921680608475828,unsat,
/QF_BV/bruttomesso/core/ext_con_028_001_0016.smt2,5581,0,0.005464762449264526,0.05447385273873806,0.0035814205184578896,15.210124713920429,6.021750050060407,unsat,
/QF_BV/bruttomesso/core/ext_con_004_016_0064.smt2,12137,0,0.009163985028862953,0.028407362289726734,0.0036737527698278427,7.7325187810768075,2.2128012532413415,unsat,
/QF_BV/bruttomesso/core/ext_con_056_001_0128.smt2,11269,0,0.00845744926482439,2.1180994724854827,0.0036631831899285316,578.2128172865978,174.75156353370835,unsat,
/QF_BV/bruttomesso/core/ext_con_008_016_0064.smt2,22493,0,0.010626203380525112,0.052171533927321434,0.0037890980020165443,13.768853141184506,3.6191774658632028,unsat,
/QF_BV/bruttomesso/core/ext_con_060_001_0128.smt2,12053,0,0.0070189619436860085,2.3217221330851316,0.0036854324862360954,629.972775720629,216.89429965278538,unsat,
/QF_BV/bruttomesso/core/ext_con_032_008_0064.smt2,43554,0,0.0170456413179636,0.30731398425996304,0.0034941351041197777,87.95137426072132,14.961895297436337,unsat,
/QF_BV/bruttomesso/core/ext_con_032_001_0016.smt2,6337,0,0.005666178651154041,0.060089641250669956,0.0037929080426692963,15.842630660874468,6.352583837708954,unsat,
/QF_BV/bruttomesso/core/ext_con_064_002_0128.smt2,24163,0,0.010550009086728096,2.5282707177102566,0.00354111660271883,713.9755623322537,179.42290583666568,unsat,
/QF_BV/bruttomesso/core/ext_con_040_016_0256.smt2,111164,0,0.04091841820627451,3.6651552794501185,0.014256122522056103,257.0934188998193,66.42837857947337,unsat,
/QF_BV/bruttomesso/core/ext_con_044_001_0016.smt2,8605,0,0.005856507457792759,0.09146273043006659,0.0033775605261325836,27.079523733892753,9.904922791264351,unsat,
/QF_BV/bruttomesso/core/ext_con_044_016_0256.smt2,122156,0,0.042691126465797424,3.8842587815597653,0.003570638597011566,1087.8330797215608,83.9626152674062,unsat,
/QF_BV/bruttomesso/core/ext_con_016_001_0512.smt2,3528,0,0.004495454020798206,2.5106997564435005,0.003819338046014309,657.3651575731965,301.955807946738,unsat,
/QF_BV/bruttomesso/core/ext_con_032_001_0032.smt2,6465,0,0.005120738409459591,0.10975989885628223,0.003553757444024086,30.88559097944399,12.653173246051258,unsat,
/QF_BV/bruttomesso/core/ext_con_032_016_0256.smt2,89180,0,0.03248230181634426,2.2295017763972282,0.003764125518500805,592.3027182380479,61.50955943329409,unsat,
/QF_BV/bruttomesso/core/ext_con_024_008_0256.smt2,33993,0,0.013481092639267445,1.4086887473240495,0.0035049961879849434,401.90878157100605,82.93190749502952,unsat,
/QF_BV/bruttomesso/core/ext_con_024_004_0032.smt2,16904,0,0.008267921395599842,0.07683262135833502,0.0033161090686917305,23.16950973770202,6.632632881549812,unsat,
/QF_BV/bruttomesso/core/ext_con_044_001_0256.smt2,9138,0,0.006301174871623516,4.094438506290317,0.0035834787413477898,1142.587636713689,414.22174884482746,unsat,
/QF_BV/bruttomesso/core/ext_con_020_128_0512.smt2,454438,0,0.15424660500138998,4.895843091420829,0.003607669845223427,1357.0651698915715,31.01495411624492,unsat,
/QF_BV/bruttomesso/core/ext_con_012_002_1024.smt2,5008,0,0.005165969952940941,1.622086588293314,0.0034975260496139526,463.78113137208953,187.23233528531154,unsat,
/QF_BV/bruttomesso/core/ext_con_016_032_0256.smt2,89920,0,0.0306892404332757,0.9380935486406088,0.0035680988803505898,262.9113093828932,27.38372469771668,unsat,
/QF_BV/bruttomesso/core/ext_con_044_032_0128.smt2,238365,0,0.07547046896070242,1.3098212517797947,0.0036620916798710823,357.67025139739394,16.552241468958762,unsat,
/QF_BV/bruttomesso/core/ext_con_056_002_0256.smt2,21582,0,0.009840473532676697,5.365144150331616,0.002859680913388729,1876.133845987001,422.4471578763962,unsat,
/QF_BV/bruttomesso/simple_processor/simple_processors_006_002_0016.smt2,6253,0,0.005245013162493706,5.540969502180815,0.003785107284784317,1463.8870407860977,613.6097003945331,unsat,
/QF_BV/bruttomesso/simple_processor/simple_processors_006_004_0004.smt2,11470,0,0.0057125817984342575,5.718806942924857,0.0036975331604480743,1546.6546734720403,607.7297639734783,unsat,
/QF_BV/bruttomesso/core/ext_con_008_008_1024.smt2,12039,0,0.006963341496884823,0.6230277437716722,0.0037382766604423523,166.66175362685678,58.21808763986763,unsat,
/QF_BV/bruttomesso/core/ext_con_052_004_0032.smt2,36084,0,0.015120645985007286,0.2844592370092869,0.00366792269051075,77.5532259022822,15.140016353664247,unsat,
/QF_BV/bruttomesso/core/ext_con_004_004_0064.smt2,3304,0,0.0049840835854411125,0.024732930585741997,0.003420093096792698,7.231654193546982,2.9429332010625986,unsat,
/QF_BV/bruttomesso/core/ext_con_024_008_0512.smt2,34297,0,0.014689960516989231,6.268614646047354,0.0034942859783768654,1793.9615374466846,344.7277646420372,unsat,
/QF_BV/bruttomesso/core/ext_con_008_016_0512.smt2,23529,0,0.010257258079946041,0.25181027967482805,0.0037043243646621704,67.97738396696609,18.0359411745675,unsat,
/QF_BV/bruttomesso/core/ext_con_056_064_0256.smt2,618285,0,0.21309288777410984,5.981775335967541,0.0032418258488178253,1845.1871306254388,27.650557027078886,unsat,
/QF_BV/bruttomesso/core/ext_con_036_004_0256.smt2,26115,0,0.011453923769295216,3.967229090631008,0.0035877181217074394,1105.7805981543931,263.74973685579204,unsat,
/QF_BV/bruttomesso/simple_processor/simple_processors_004_004_0008.smt2,8938,0,0.006034623831510544,6.571017539128661,0.0035132672637701035,1870.343769997524,688.2166410943457,unsat,
/QF_BV/bruttomesso/simple_processor/simple_processors_004_003_0016.smt2,6949,0,0.005561806261539459,6.5766934882849455,0.0033747609704732895,1948.7879425613378,735.9306227480484,unsat,
/QF_BV/bruttomesso/core/ext_con_024_064_0512.smt2,270188,0,0.08062830753624439,6.339236926287413,0.0036916229873895645,1717.1951057683818,75.18076553099856,unsat,
/QF_BV/bruttomesso/core/ext_con_012_016_0064.smt2,33044,0,0.012814217247068882,0.07822112459689379,0.0035648485645651817,21.942341499276203,4.7756767996703,unsat,
/QF_BV/bruttomesso/core/ext_con_012_001_0128.smt2,2645,0,0.004049106501042843,0.1814768211916089,0.0032602259889245033,55.66387784408627,24.828097701219722,unsat,
/QF_BV/bruttomesso/core/ext_con_044_001_0064.smt2,8827,0,0.006005743518471718,0.4617503872141242,0.0033883703872561455,136.27506277082156,49.153160356356935,unsat,
/QF_BV/bruttomesso/core/ext_con_012_002_0016.smt2,4678,0,0.004310307092964649,0.02694458421319723,0.003487745299935341,7.725502264656985,3.4552966376232446,unsat,
/QF_BV/bruttomesso/core/ext_con_016_004_0512.smt2,11990,0,0.007050054147839546,3.3823885479941964,0.002577580511569977,1312.2339080434851,351.32082465223533,unsat,
/QF_BV/bruttomesso/core/ext_con_024_016_0128.smt2,65872,0,0.024174067191779613,0.5199094619601965,0.0034695547074079514,149.84904571474894,18.807573908232207,unsat,
/QF_BV/bruttomesso/core/ext_con_016_016_0128.smt2,44320,0,0.017347551882267,0.26634829491376877,0.003543676808476448,75.1615650379475,12.749288175270573,unsat,
/QF_BV/bruttomesso/core/ext_con_044_004_0256.smt2,31811,0,0.013147019781172276,4.475978611037135,0.003704504109919071,1208.253109789347,265.61269117052296,unsat,
/QF_BV/bruttomesso/core/ext_con_040_008_0128.smt2,55037,0,0.020294256508350372,1.243242678232491,0.003544977866113186,350.70534293507944,52.15111604273017,unsat,
/QF_BV/bruttomesso/core/ext_con_032_002_0256.smt2,12486,0,0.007205699570477009,2.5470042545348406,0.0038493992760777473,661.6627873245847,230.39181194916196,unsat,
/QF_BV/bruttomesso/core/ext_con_004_016_1024.smt2,12772,0,0.006639857776463032,0.13106001634150743,0.0034281928092241287,38.23005986969824,13.017417346693076,unsat,
/QF_BV/bruttomesso/core/ext_con_008_016_1024.smt2,23676,0,0.012041986919939518,0.4317720429971814,0.0038241492584347725,112.9066921341627,27.213433575950976,unsat,
/QF_BV/bruttomesso/core/ext_con_012_256_1024.smt2,559011,0,0.18335256446152925,2.452540379948914,0.0037065045908093452,661.6855098548205,13.111047715428864,unsat,
/QF_BV/bruttomesso/core/ext_con_008_008_0256.smt2,11850,0,0.006406957283616066,0.1859115231782198,0.003418462350964546,54.384546059360105,18.921484281842098,unsat,
/QF_BV/bruttomesso/core/ext_con_004_008_0128.smt2,6314,0,0.004713151603937149,0.03199253138154745,0.003355269320309162,9.53501144838042,3.965153985138169,unsat,
/QF_BV/bruttomesso/core/ext_con_036_004_0016.smt2,24723,0,0.010990557260811329,0.07672865781933069,0.003509676083922386,21.86203398393944,5.291546418264882,unsat,
/QF_BV/bruttomesso/core/ext_con_032_002_0032.smt2,11997,0,0.006879097782075405,0.11083019990473986,0.0035472167655825615,31.24427043198702,10.629853856618524,unsat,
/QF_BV/bruttomesso/core/ext_con_008_008_0128.smt2,11614,0,0.006385647691786289,0.06300123501569033,0.0034937765449285507,18.0324168433556,6.377014844808389,unsat,
/QF_BV/bruttomesso/core/ext_con_012_032_1024.smt2,69132,0,0.02308510523289442,1.4443968934938312,0.0035765375941991806,403.85340722728927,54.17508976701289,unsat,
/QF_BV/bruttomesso/core/ext_con_032_032_0256.smt2,177568,0,0.05701570212841034,2.924575994722545,0.0036574024707078934,799.6319842143298,48.20218141210872,unsat,
/QF_BV/bruttomesso/core/ext_con_052_004_0256.smt2,37507,0,0.01449322234839201,6.634260282851756,0.0037093041464686394,1788.5457813341502,364.46920073017833,unsat,
/QF_BV/bruttomesso/core/ext_con_008_001_0016.smt2,1806,0,0.003856400027871132,0.02217639982700348,0.0031340010464191437,7.076066503660506,3.172407361369464,unsat,
/QF_BV/bruttomesso/core/ext_con_056_004_0032.smt2,38824,0,0.01589802745729685,0.3266978161409497,0.003512175753712654,93.01864116441317,16.83124141408505,unsat,
/QF_BV/bruttomesso/core/ext_con_064_008_0256.smt2,89433,0,0.030197791755199432,6.123262125998735,0.0037385448813438416,1637.8731084800281,180.43379848504608,unsat,
/QF_BV/bruttomesso/core/ext_con_032_064_0512.smt2,358780,0,0.12919085286557674,8.780285240150988,0.003538547083735466,2481.324971061875,66.15177378564263,unsat,
/QF_BV/bruttomesso/simple_processor/simple_processors_006_003_0008.smt2,8825,0,0.006328646093606949,10.273104161955416,0.0027371374890208244,3753.229131953648,1133.1733289598,unsat,
/QF_BV/bruttomesso/core/ext_con_040_002_0512.smt2,15719,0,0.007624066434800625,10.27208227198571,0.0038306284695863724,2681.5657935876197,896.7573870563447,unsat,
/QF_BV/bruttomesso/core/ext_con_004_001_1024.smt2,1139,0,0.003163643181324005,0.13398895971477032,0.003995574079453945,33.53434501534306,18.7155878686395,unsat,
/QF_BV/bruttomesso/core/ext_con_020_016_0128.smt2,55096,0,0.019685263745486736,0.308221778832376,0.003106800839304924,99.20873424938742,13.523205749339684,unsat,
/QF_BV/bruttomesso/core/ext_con_056_004_0256.smt2,40355,0,0.015623236075043678,5.125150269828737,0.0038112178444862366,1344.7539550234296,263.7146529071451,unsat,
/QF_BV/bruttomesso/core/ext_con_028_002_0256.smt2,10970,0,0.007159646600484848,2.1695550307631493,0.003525586798787117,615.3741645247611,203.04236226706766,unsat,
/QF_BV/bruttomesso/core/ext_con_044_001_0512.smt2,9184,0,0.0060506341978907585,10.224896252155304,0.0034838346764445305,2934.954497493677,1072.413826812996,unsat,
/QF_BV/bruttomesso/core/ext_con_012_002_0256.smt2,4906,0,0.005306745879352093,0.27470058761537075,0.003772837109863758,72.81008419292465,30.25475816914087,unsat,
/QF_BV/bruttomesso/core/ext_con_040_004_0016.smt2,27419,0,0.011647402308881283,0.08446612674742937,0.003596820868551731,23.483551123145,5.5408613324731375,unsat,
/QF_BV/bruttomesso/core/ext_con_036_008_0512.smt2,51073,0,0.019061589613556862,10.101646270602942,0.0034492742270231247,2928.629504567141,448.74538543442566,unsat,
/QF_BV/bruttomesso/core/ext_con_008_128_1024.smt2,188687,0,0.06056632939726114,0.45631029456853867,0.003459884785115719,131.88597970995065,7.126929186672691,unsat,
/QF_BV/bruttomesso/simple_processor/simple_processors_004_003_0032.smt2,6957,0,0.004750034771859646,11.790457936003804,0.003531058318912983,3339.071992340651,1423.7803882607666,unsat,
/QF_BV/bruttomesso/simple_processor/simple_processors_004_004_0016.smt2,9000,0,0.006600625813007355,12.053645268082619,0.0037127044051885605,3246.594383123382,1168.7442380945242,unsat,
/QF_BV/bruttomesso/core/ext_con_048_032_0128.smt2,259833,0,0.08476656954735518,1.8059796430170536,0.0037470441311597824,481.974479029706,20.403411045632428,unsat,
/QF_BV/bruttomesso/core/ext_con_012_002_0064.smt2,4765,0,0.005043515935540199,0.0682796398177743,0.0033645406365394592,20.293896609910515,8.120739820484573,unsat,
/QF_BV/bruttomesso/core/ext_con_004_008_0064.smt2,6227,0,0.005160260014235973,0.025791729800403118,0.003620341420173645,7.124115326992019,2.9373534367850826,unsat,
/QF_BV/bruttomesso/core/ext_con_060_032_0256.smt2,330952,0,0.10431876685470343,6.992906839586794,0.0037866169586777687,1846.7425979174336,64.68601833613043,unsat,
/QF_BV/bruttomesso/core/ext_con_056_004_0128.smt2,39671,0,0.015760931186378002,1.6941292528063059,0.0036483407020568848,464.3560980615596,87.284534038382,unsat,
/QF_BV/bruttomesso/simple_processor/simple_processors_008_004_0004.smt2,14075,0,0.007429908029735088,13.198674766346812,0.0034998543560504913,3771.2068628024927,1207.5902751108301,unsat,
/QF_BV/bruttomesso/core/ext_con_032_002_0064.smt2,12125,0,0.006822274066507816,0.28856827691197395,0.003620821051299572,79.69691758403859,27.63244743600125,unsat,
/QF_BV/bruttomesso/simple_processor/simple_processors_006_005_0008.smt2,14241,0,0.008017650805413723,13.458671455271542,0.0033680200576782227,3996.0187958469014,1182.071009877818,unsat,
/QF_BV/bruttomesso/core/ext_con_044_004_0512.smt2,32122,0,0.013517055660486221,13.360315468162298,0.003565838560461998,3746.7527600103426,782.087349799249,unsat,
/QF_BV/bruttomesso/simple_processor/simple_processors_006_005_0004.smt2,14229,0,0.006589916534721851,13.613200150430202,0.0025786301121115685,5279.237253334768,1484.771870046803,unsat,
/QF_BV/bruttomesso/core/ext_con_012_004_0064.smt2,8723,0,0.005612357519567013,0.06931881979107857,0.0031676823273301125,21.883134932126882,7.895046150112394,unsat,
/QF_BV/bruttomesso/core/ext_con_004_064_0512.smt2,49993,0,0.01767971646040678,0.08554237894713879,0.0037810467183589935,22.623994179121095,3.985989605056459,unsat,
/QF_BV/bruttomesso/simple_processor/simple_processors_006_006_0004.smt2,17059,0,0.007324622943997383,14.052772865630686,0.0034931451082229614,4022.957086022583,1299.0454960574198,unsat,
/QF_BV/bruttomesso/core/ext_con_052_002_0256.smt2,20066,0,0.008897104300558567,5.754061510786414,0.003671153448522091,1567.371560865386,457.8249130200494,unsat,
/QF_BV/bruttomesso/core/ext_con_028_002_0128.smt2,10771,0,0.005962611176073551,0.6152293710038066,0.003414493054151535,180.1817608783171,65.60974005394401,unsat,
/QF_BV/bruttomesso/core/ext_con_028_004_0256.smt2,20419,0,0.010923064313828945,2.4520059702917933,0.00366832222789526,668.427094993413,168.0447545735465,unsat,
/QF_BV/bruttomesso/core/ext_con_040_064_0512.smt2,447372,0,0.14279642049223185,14.41019443422556,0.003486485220491886,4133.158043960535,98.50907981363783,unsat,
/QF_BV/bruttomesso/core/ext_con_012_008_0128.smt2,17013,0,0.008413346484303474,0.21312065981328487,0.003437942825257778,61.99075163424366,17.982909221644412,unsat,
/QF_BV/bruttomesso/core/ext_con_028_001_0128.smt2,5781,0,0.004970722831785679,0.6517724487930536,0.00366132240742445,178.01558460718616,75.50614376213507,unsat,
/QF_BV/bruttomesso/core/ext_con_036_002_0512.smt2,14183,0,0.006776583380997181,10.445315105840564,0.0036898739635944366,2830.8053903460195,997.9800004858398,unsat,
/QF_BV/bruttomesso/core/ext_con_060_008_0128.smt2,82197,0,0.030045535415410995,2.5733529273420572,0.0032252054661512375,797.8880584042104,77.34582576633096,unsat,
/QF_BV/bruttomesso/simple_processor/simple_processors_008_008_0004.smt2,28051,0,0.008622964844107628,15.871433951891959,0.0034875059500336647,4550.9410390364355,1310.5546614727905,unsat,
/QF_BV/bruttomesso/core/ext_con_040_002_0016.smt2,14786,0,0.007657916285097599,0.08083927631378174,0.0035460572689771652,22.79694606768132,7.2152326961162245,unsat,
/QF_BV/bruttomesso/core/ext_con_028_008_0512.smt2,39889,0,0.01518646813929081,8.42726372461766,0.003534478135406971,2384.302123755341,450.15158961315404,unsat,
/QF_BV/bruttomesso/core/ext_con_048_008_0512.smt2,67849,0,0.024049694649875164,15.11278070602566,0.003247755579650402,4653.299897541072,553.6334192004248,unsat,
/QF_BV/bruttomesso/core/ext_con_008_001_1024.smt2,1935,0,0.003985265269875526,0.5571807604283094,0.003593369387090206,155.05802504748792,73.51993936218963,unsat,
/QF_BV/bruttomesso/core/ext_con_024_032_0256.smt2,133744,0,0.04335917346179485,1.9711839938536286,0.003512325696647167,561.2190224087994,42.05506606883512,unsat,
/QF_BV/bruttomesso/core/ext_con_056_008_0256.smt2,78345,0,0.027620231732726097,5.255998907610774,0.003590579144656658,1463.83040057271,168.40315133944787,unsat,
/QF_BV/bruttomesso/core/ext_con_028_001_0512.smt2,5952,0,0.005041046068072319,9.014428806491196,0.0035862186923623085,2513.6305339352366,1044.8768012582777,unsat,
/QF_BV/bruttomesso/core/ext_con_020_002_1024.smt2,8104,0,0.005849936977028847,16.92043204419315,0.00384362880140543,4402.202428602409,1745.5322871834032,unsat,
/QF_BV/bruttomesso/core/ext_con_040_001_0064.smt2,8051,0,0.005691511556506157,0.37624527886509895,0.003532087430357933,106.52207406626148,40.79159115665519,unsat,
/QF_BV/bruttomesso/core/ext_con_048_002_0512.smt2,18791,0,0.008973808027803898,14.128868429921567,0.0036898432299494743,3829.124314887231,1115.7025839029727,unsat,
/QF_BV/bruttomesso/core/ext_con_032_004_0064.smt2,22483,0,0.009922184981405735,0.2668698048219085,0.0033488310873508453,79.69043462058302,20.109221738506466,unsat,
/QF_BV/bruttomesso/core/ext_con_004_032_0512.smt2,25073,0,0.010075311176478863,0.07700050622224808,0.0031181713566184044,24.69412274563179,5.836253318946233,unsat,
/QF_BV/bruttomesso/core/ext_con_048_001_0064.smt2,9603,0,0.006544284522533417,0.578063759021461,0.003739355131983757,154.58915738628806,56.21198120915699,unsat,
/QF_BV/bruttomesso/core/ext_con_052_008_0512.smt2,73441,0,0.02756607998162508,16.94582011923194,0.002813919447362423,6022.141157990788,557.7952744483216,unsat,
/QF_BV/bruttomesso/simple_processor/simple_processors_008_002_0016.smt2,7587,0,0.005416790023446083,17.741763702593744,0.003638520836830139,4876.092373309116,1959.2661120473726,unsat,
/QF_BV/bruttomesso/core/ext_con_012_001_0064.smt2,2619,0,0.0061734504997730255,0.05976738967001438,0.003677782602608204,16.250930554630564,6.0669957810223245,unsat,
/QF_BV/bruttomesso/core/ext_con_040_032_0512.smt2,223580,0,0.07254349533468485,11.732963347807527,0.002979755401611328,3937.559217599816,155.35564522739367,unsat,
/QF_BV/bruttomesso/simple_processor/simple_processors_008_005_0004.smt2,17501,0,0.008691097609698772,18.596791648305953,0.003580869175493717,5193.373657875087,1515.3880363125718,unsat,
/QF_BV/bruttomesso/core/ext_con_040_032_0256.smt2,221392,0,0.06076913792639971,2.650326785631478,0.0037842364981770515,700.3597124302875,41.05636319179692,unsat,
/QF_BV/bruttomesso/core/ext_con_024_008_1024.smt2,34518,0,0.01566169783473015,18.74974358268082,0.003483925014734268,5381.787352880479,979.32272718959,unsat,
/QF_BV/bruttomesso/core/ext_con_020_032_1024.smt2,113676,0,0.038781545124948025,13.697683080099523,0.003610610030591488,3793.730966247711,323.1183465393975,unsat,
/QF_BV/bruttomesso/core/ext_con_012_128_0512.smt2,276158,0,0.09121230896562338,1.449559984728694,0.0033334391191601753,434.8541949954362,15.331836852449529,unsat,
/QF_BV/bruttomesso/core/ext_con_040_002_0128.smt2,15235,0,0.007817053236067295,0.9537572469562292,0.003649410791695118,261.34554353998,83.17797401596586,unsat,
/QF_BV/bruttomesso/core/ext_con_012_064_0256.smt2,135913,0,0.041983638890087605,0.5547747062519193,0.003474184311926365,159.68488037536153,12.204163489890568,unsat,
/QF_BV/bruttomesso/core/ext_con_036_032_0256.smt2,199480,0,0.06425302289426327,3.65722862444818,0.003671242855489254,996.1827011743122,53.84274064768238,unsat,
/QF_BV/bruttomesso/core/ext_con_040_008_0256.smt2,56169,0,0.019567668437957764,3.2874134462326765,0.00302833691239357,1085.5507631197927,145.48648733531843,unsat,
/QF_BV/bruttomesso/core/ext_con_024_001_0016.smt2,4825,0,0.0050333961844444275,0.0408964566886425,0.0035748686641454697,11.439988578830299,4.75083624957725,unsat,
/QF_BV/bruttomesso/core/ext_con_024_001_0512.smt2,5144,0,0.004748924635350704,5.372866991907358,0.0035882890224456787,1497.3339545111003,644.4439608289307,unsat,
/QF_BV/bruttomesso/core/ext_con_060_004_0032.smt2,41564,0,0.01640433631837368,0.3828688357025385,0.0036630313843488693,104.52240112886618,19.079175773043442,unsat,
/QF_BV/bruttomesso/core/ext_con_040_032_0128.smt2,216897,0,0.06909699086099863,1.166792661882937,0.003471285104751587,336.1270038827408,16.078550115116744,unsat,
/QF_BV/bruttomesso/core/ext_con_028_016_0256.smt2,78188,0,0.025982008315622807,2.406808327883482,0.0035843495279550552,671.4770167117646,81.40361219385929,unsat,
/QF_BV/bruttomesso/core/ext_con_052_001_0512.smt2,10800,0,0.006822654046118259,18.197285138070583,0.0036060791462659836,5046.280017706621,1744.9180837572349,unsat,
/QF_BV/bruttomesso/core/ext_con_012_032_0512.smt2,68684,0,0.026181496679782867,1.0246580578386784,0.003642491064965725,281.30695163374963,34.356842773954675,unsat,
/QF_BV/bruttomesso/core/ext_con_004_032_0128.smt2,24330,0,0.010141054168343544,0.03763215895742178,0.0032895179465413094,11.440022388991457,2.8019773569969337,unsat,
/QF_BV/bruttomesso/core/ext_con_052_004_0064.smt2,36243,0,0.013319847173988819,0.6216037785634398,0.003555946983397007,174.8068183990808,36.83404601681456,unsat,
/QF_BV/bruttomesso/core/ext_con_048_128_0512.smt2,1078418,0,0.3528667911887169,19.774293998256326,0.0032409662380814552,6101.357603145552,55.52896162988288,unsat,
/QF_BV/bruttomesso/core/ext_con_004_004_0032.smt2,3289,0,0.0037501147016882896,0.021159840747714043,0.0035088257864117622,6.0304620507684925,2.9150040260562045,unsat,
/QF_BV/bruttomesso/core/ext_con_020_002_0064.smt2,7709,0,0.005802756175398827,0.13270309753715992,0.003548768348991871,37.39412790210948,14.19053087986274,unsat,
/QF_BV/bruttomesso/core/ext_con_040_008_0512.smt2,56665,0,0.021489623002707958,9.06630628183484,0.003585818223655224,2528.378661814332,361.56118650079577,unsat,
/QF_BV/bruttomesso/core/ext_con_028_008_0128.smt2,38741,0,0.016723599284887314,0.606775002554059,0.0037054941058158875,163.75009249149983,29.701513960976264,unsat,
/QF_BV/bruttomesso/core/ext_con_008_128_0512.smt2,187531,0,0.09274493902921677,0.284667425788939,0.0043134866282343864,65.99473936597323,2.932949137188948,unsat,
/QF_BV/bruttomesso/core/ext_con_044_016_0064.smt2,117972,0,0.07253115437924862,0.4137454144656658,0.003749256022274494,110.3540041031037,5.424006141128528,unsat,
/QF_BV/bruttomesso/core/ext_con_020_001_0064.smt2,4171,0,0.005104048177599907,0.13256007339805365,0.004287146031856537,30.920354103414777,14.115358541363413,unsat,
/QF_BV/bruttomesso/core/ext_con_052_001_0032.smt2,10325,0,0.006686379201710224,0.2405617656186223,0.004162991419434547,57.785794247756925,22.17287748929711,unsat,
/QF_BV/bruttomesso/core/ext_con_012_008_0064.smt2,16774,0,0.009197116829454899,0.076032979413867,0.004158630967140198,18.28317540427331,5.692903203312269,unsat,
/QF_BV/bruttomesso/core/ext_con_064_002_0032.smt2,23645,0,0.010727474465966225,0.4326271479949355,0.0040191663429141045,107.64101584341452,29.33733543807552,unsat,
/QF_BV/bruttomesso/core/ext_con_032_064_0256.smt2,355173,0,0.11403673514723778,3.033191740512848,0.003738175146281719,811.4097445460513,25.754141802812715,unsat,
/QF_BV/bruttomesso/core/ext_con_024_002_0512.smt2,9575,0,0.007541432976722717,6.355970539152622,0.00384362880140543,1653.6379727481878,558.2728195083739,unsat,
/QF_BV/bruttomesso/core/ext_con_056_016_0128.smt2,152080,0,0.053340169601142406,1.5768390586599708,0.003641471266746521,433.02251841432224,27.67275625347203,unsat,
/QF_BV/bruttomesso/core/ext_con_024_128_0512.smt2,543578,0,0.21367829199880362,6.083436872810125,0.0038460195064544678,1581.7488347630008,27.966698667900733,unsat,
/QF_BV/bruttomesso/core/ext_con_024_008_0064.smt2,32842,0,0.01247315388172865,0.13683133944869041,0.0034512830898165703,39.64651287297408,8.59253860548974,unsat,
/QF_BV/bruttomesso/core/ext_con_056_032_0256.smt2,309040,0,0.13069176115095615,6.922751891426742,0.0037069441750645638,1867.5090760723874,51.509066807107395,unsat,
/QF_BV/bruttomesso/core/ext_con_060_004_0064.smt2,41747,0,0.016336264088749886,0.8447673004120588,0.0037999283522367477,222.3113759276025,41.95268310470452,unsat,
/QF_BV/bruttomesso/core/ext_con_020_002_0016.smt2,7566,0,0.006132308393716812,0.03743000328540802,0.003353709354996681,11.160777313526342,3.9458078486606594,unsat,
/QF_BV/bruttomesso/core/ext_con_032_001_0512.smt2,6760,0,0.007637896575033665,7.527494238689542,0.0035991091281175613,2091.4881907530935,669.8843479788023,unsat,
/QF_BV/bruttomesso/core/ext_con_040_001_0128.smt2,8133,0,0.006214640103280544,1.2700175419449806,0.003781377337872982,335.861097284558,127.05235354195445,unsat,
