Benchmark,Size_Before,Size_After,Haploid_Time,Z3_Time_Before,Z3_Time_After,Z3_Speedup,Z3_Speedup_with_Haploid
/examples/20170501-Heizmann-UltimateAutomizer/modulus_true-unreach-call_true-no-overflow.i_242.smt2,1923,1953,0.47318511409685016,0.002895970828831196,0.002117430791258812,1.3676814565965303,0.006092899901289055
/examples/2018-Goel-hwbench/QF_BV_bv_bv_protocols.2.prop1_cc_ref_max.smt2,43107,44875,0.32458423636853695,0.0030011050403118134,0.0028199777007102966,1.064230060952572,0.009166360453983247
/examples/2018-Goel-hwbench/QF_BV_bv8_bv_eq_sdp_v6_cc_reg_max.smt2,10196,10111,0.2920050658285618,0.002090520691126585,0.002938963007181883,0.7113123526965202,0.007087855615788073
/examples/2018-Goel-hwbench/QF_BV_needham.1.prop2_cc_ref_max.smt2,2991748,474688,5.111287033185363,0.0031054490245878696,0.003103929106146097,1.0004896756304011,0.0006071982074668124
/examples/2018-Goel-hwbench/QF_BV_bv8_bv_schedule_world.2.prop1_cc_ref_max.smt2,64322,69845,0.30950189800933003,0.0030436371453106403,0.003131470177322626,0.9719515029560071,0.00973548397269445
/examples/2018-Goel-hwbench/QF_BV_needham.4.prop3_cc_ref_max.smt2,3157141,534013,5.047046946361661,0.003050976898521185,0.003182041924446821,0.9588110310807985,0.0006041264476517515
/examples/2018-Goel-hwbench/QF_BV_protocols.2.prop1_cc_ref_max.smt2,38443,39867,0.3515545027330518,0.0030445270240306854,0.002971725072711706,1.0244982121621862,0.008587593202550614
/examples/2018-Goel-hwbench/QF_BV_eq_sdp_v1_cc_ref_max.smt2,28877,29339,0.3617678442969918,0.0033420780673623085,0.0028982609510421753,1.153132214047373,0.009164762009041493
/examples/2018-Goel-hwbench/QF_BV_bv8_bv_schedule_world.1.prop1_cc_ref_max.smt2,59706,63432,0.4136446360498667,0.003048547077924013,0.0019713453948497772,1.5464297052604128,0.007335009273048174
/examples/2018-Goel-hwbench/QF_BV_eq_sdp_v3_cc_ref_max.smt2,20934,21545,0.3308507869951427,0.00311503978446126,0.0024599041789770126,1.2663256606022333,0.009345754177545958
/examples/2018-Goel-hwbench/QF_BV_bv8_bv_swap_two_cc_reg_max.smt2,4451,4376,0.3979170327074826,0.0029010516591370106,0.0021902439184486866,1.3245335986102302,0.007250684575400175
/examples/2018-Goel-hwbench/QF_BV_lamport_nonatomic.3.prop1_cc_ref_max.smt2,634249,646374,3.432997993193567,0.003039576578885317,0.0032471148297190666,0.9360853367628809,0.0008845633775623899
/examples/2018-Goel-hwbench/QF_BV_bv_bv_cyclic_scheduler.4.prop1_cc_ref_max.smt2,267557,275687,1.2647859971038997,0.0021954351104795933,0.0029605329036712646,0.7415675427072952,0.0017317618770894857
/examples/2018-Goel-hwbench/QF_BV_schedule_world.2.prop1_cc_ref_max.smt2,69893,77497,0.3297592462040484,0.002339059952646494,0.001831019762903452,1.277462974477917,0.00705406699990288
/examples/2018-Goel-hwbench/QF_BV_bv_bv_protocols.1.prop1_cc_ref_max.smt2,37333,39521,0.36190050980076194,0.002974164206534624,0.0030010449700057507,0.9910428654885918,0.008150593407043726
/examples/2018-Goel-hwbench/QF_BV_needham.2.prop2_cc_ref_max.smt2,565572,544964,0.8929493860341609,0.0030766776762902737,0.0023473501205444336,1.3107025020948657,0.003436489324762411
/examples/2018-Goel-hwbench/QF_BV_eq_sdp_v6_cc_reg_max.smt2,11148,11161,0.29807912930846214,0.0029639629647135735,0.0029700137674808502,0.9979627021148764,0.009845445612067
/examples/2018-Goel-hwbench/QF_BV_bv_bv_cyclic_scheduler.2.prop1_cc_ref_max.smt2,82333,84352,0.6221872973255813,0.003211673814803362,0.0030346661806106567,1.058328535548212,0.005136853793159419
/examples/2018-Goel-hwbench/QF_BV_needham.2.prop3_cc_ref_max.smt2,518089,269194,0.5208903159946203,0.002271468285471201,0.001825341023504734,1.2444076236833177,0.004345514152816812
/examples/2018-Goel-hwbench/QF_BV_counter_v_cc_ref_max.smt2,15168,15205,0.3078440437093377,0.0017272871918976307,0.001247598323971033,1.3844898303484217,0.005588268840059714
/examples/2018-Goel-hwbench/QF_BV_bv_bv_h_TicTacToe_cc_reg_max.smt2,46954,46556,0.2426010868512094,0.0029839049093425274,0.0018277410417795181,1.6325643738006503,0.012207663617520936
/examples/2018-Goel-hwbench/QF_BV_bv8_bv_cyclic_scheduler.4.prop1_cc_ref_max.smt2,267558,276140,1.246338299009949,0.0029555330984294415,0.002589988987892866,1.141137322299571,0.002366455405672218
/examples/2018-Goel-hwbench/QF_BV_eq_sdp_v5_cc_ref_max.smt2,24576,24761,0.31775776389986277,0.002760685980319977,0.002424482721835375,1.1386700987623828,0.008622233148303765
/examples/2018-Goel-hwbench/QF_BV_collision.1.prop1_cc_reg_to.smt2,13017,13042,0.2829290768131614,0.00195335503667593,0.003043567296117544,0.6417978794711331,0.006830566059072046
/examples/2018-Goel-hwbench/QF_BV_bv_bv_v_Unidec_cc_ref_max.smt2,49299,49137,0.30471244268119335,0.002968593966215849,0.0029111728072166443,1.0197244075847578,0.00965008476837076
/examples/2018-Goel-hwbench/QF_BV_bv8_bv_protocols.2.prop1_cc_ref_max.smt2,43108,44924,0.32967502204701304,0.0029052910394966602,0.0029957848601043224,0.9697929508180668,0.00873323110767524
/examples/2018-Goel-hwbench/QF_BV_bv8_bv_sw_sym_ex_v_cc_ref_max.smt2,21819,23325,0.3283006502315402,0.0030807582661509514,0.0031273900531232357,0.9850892321775743,0.009295406217002306
/examples/2018-Goel-hwbench/QF_BV_cav14_example_cc_reg_max.smt2,3358,3352,0.24248467292636633,0.002865209709852934,0.0019769552163779736,1.4493043070051694,0.0117204885348301
/examples/2018-Goel-hwbench/QF_BV_bv8_bv_swap_three_cc_ref_max.smt2,5354,5170,0.3216469339095056,0.002975363750010729,0.0030557168647646904,0.9737040052105256,0.009163349122391886
/examples/2018-Goel-hwbench/QF_BV_bv8_bv_sw_loop_v_cc_ref_max.smt2,16989,17527,0.3208138309419155,0.0029260129667818546,0.0030708778649568558,0.9528262260677578,0.009034118892369793
/examples/2018-Goel-hwbench/QF_BV_bv8_bv_eq_sdp_v3_cc_ref_max.smt2,15136,15303,0.3526604240760207,0.0029474031180143356,0.002601790241897106,1.1328365640518447,0.008296415997049314
/examples/2018-Goel-hwbench/QF_BV_bv_bv_eq_sdp_v5_cc_ref_max.smt2,20305,20332,0.31279646418988705,0.001697115134447813,0.0030042650178074837,0.5649019392058726,0.0053740063827771006
/examples/2018-Goel-hwbench/QF_BV_bv_bv_synabs_cc_ref_max.smt2,27062,26612,0.34538307413458824,0.003093109931796789,0.0020516589283943176,1.507614101442065,0.008902707868404377
/examples/2018-Goel-hwbench/QF_BV_h_Rrobin_cc_reg_max.smt2,4961,4945,0.4307594336569309,0.0028751897625625134,0.00183086097240448,1.5704031086459342,0.006646449997280029
/examples/2018-Goel-hwbench/QF_BV_collision.1.prop1_cc_reg_max.smt2,13114,13127,0.2876646388322115,0.002863810397684574,0.0029135518707334995,0.9829275484852094,0.009855558638990278
/examples/2018-Goel-hwbench/QF_BV_protocols.1.prop1_cc_ref_max.smt2,39931,42492,0.34565131599083543,0.002022727858275175,0.00282670883461833,0.7155770107989525,0.0058044631631745565
/examples/2018-Goel-hwbench/QF_BV_bv_bv_eq_sdp_v2_cc_reg_max.smt2,3731,3687,0.29615723388269544,0.002896862104535103,0.0024775550700724125,1.1692422661064947,0.009700350433697366
/examples/2018-Goel-hwbench/QF_BV_bv8_bv_eq_sdp_v7_cc_ref_max.smt2,26377,26271,0.3476140908896923,0.0029849736019968987,0.0028428491204977036,1.0499936772846787,0.00851737620579038
/examples/2018-Goel-hwbench/QF_BV_pouring.2.prop1_cc_ref_max.smt2,3692565,3962514,18.60577035602182,0.0028073270805180073,0.003063088282942772,0.9165021772800327,0.0001508599176256903
/examples/2018-Goel-hwbench/QF_BV_resistance.2.prop1_cc_ref_max.smt2,69178,73913,0.3253813870251179,0.002828428987413645,0.0031144702807068825,0.9081573213059154,0.0086102424871082
/examples/2018-Goel-hwbench/QF_BV_bv_bv_cyclic_scheduler.2.prop1_cc_ref_max copy.smt2,82333,84300,0.6153608243912458,0.0030074850656092167,0.002981754019856453,1.0086294998116587,0.004863784527562816
/examples/2018-Goel-hwbench/QF_BV_cyclic_scheduler.4.prop1_cc_ref_max.smt2,288331,303303,1.215650620404631,0.00311480974778533,0.0021288320422172546,1.4631542958838333,0.0025577782097791477
/examples/2018-Goel-hwbench/QF_BV_needham.1.prop3_cc_ref_max.smt2,478560,465922,0.7514865719713271,0.0031071589328348637,0.0029576332308351994,1.0505558635333023,0.00411847411831106
/examples/2018-Goel-hwbench/QF_BV_bv_bv_eq_sdp_v4_cc_ref_max.smt2,56078,54811,0.3860535570420325,0.001968995202332735,0.0018940530717372894,1.0395670700645712,0.005075415213294667
/examples/2018-Goel-hwbench/QF_BV_bv8_bv_v_Unidec_cc_ref_max.smt2,49402,49116,0.37827054783701897,0.001754007302224636,0.0029952549375593662,0.5855953295427533,0.004600484201468457
/examples/2018-Goel-hwbench/QF_BV_bv8_bv_protocols.1.prop1_cc_ref_max.smt2,37335,39023,0.35410978086292744,0.0029770140536129475,0.0023925816640257835,1.2442685231499233,0.00835061521755798
/examples/2018-Goel-hwbench/QF_BV_bv8_bv_cyclic_scheduler.2.prop1_cc_ref_max.smt2,110362,115064,0.7149139977991581,0.0022226846776902676,0.0029930947348475456,0.7426041854981515,0.0030960617339004545
/examples/2018-Goel-hwbench/QF_BV_bv_bv_swap_two_cc_ref_max.smt2,2646,2589,0.24654816882684827,0.0027837767265737057,0.0022793770767748356,1.2212883752049317,0.011187574576859467
/examples/2018-Goel-hwbench/QF_BV_needham.3.prop2_cc_ref_max.smt2,3139433,484061,4.561744342092425,0.0030844686552882195,0.0032894262112677097,0.9376920037672766,0.0006756726919972748
/examples/2018-Goel-hwbench/QF_BV_bv_bv_swap_two_cc_reg_max.smt2,4450,4375,0.3773153810761869,0.0029133218340575695,0.002844909206032753,1.0240473853716472,0.007663403854976032
/examples/2018-Goel-hwbench/QF_BV_usb_phy_cc_ref_max.smt2,139581,149008,0.5469425758346915,0.002029397990554571,0.003187771886587143,0.6366195771703297,0.003688940264722057
/examples/2018-Goel-hwbench/QF_BV_bv8_bv_h_CRC_cc_ref_max.smt2,22668,21869,0.3287841468118131,0.003114699851721525,0.0030048759654164314,1.0365485589319072,0.00938759162569644
/examples/2018-Goel-hwbench/QF_BV_v_Unidec_cc_ref_max.smt2,369915,365256,1.4872505399398506,0.0030929087661206722,0.0029890048317611217,1.0347620496479193,0.0020754440297681667
/examples/2018-Goel-hwbench/QF_BV_bv_bv_resistance.2.prop1_cc_ref_max.smt2,62773,65986,0.33075250312685966,0.0030557881109416485,0.0031293402425944805,0.9764959621035483,0.009152303941128934
/examples/2018-Goel-hwbench/QF_BV_cyclic_scheduler.2.prop1_cc_ref_max.smt2,117586,123616,0.7042864998802543,0.003049497026950121,0.002500575967133045,1.2195178499001667,0.0043145908168934636
/examples/2018-Goel-hwbench/QF_BV_eq_sdp_v2_cc_reg_max.smt2,3902,3908,0.2874315599910915,0.0028074979782104492,0.0030159461311995983,0.9308846564490068,0.00966611149702339
/examples/20210312-Bouvier/vlsat3_a03.smt2,67252,67229,0.4615641268901527,0.002949133049696684,0.0019761649891734123,1.4923516335193467,0.0063621935382144395
/examples/20210312-Bouvier/vlsat3_g63.smt2,3923374,0,30.037648322992027,0.00221120472997427,0.0030420669354498386,0.7268757647001916,7.360698776469125e-05
/examples/20210312-Bouvier/vlsat3_g29.smt2,1461680,1461575,10.58294028090313,0.002396312076598406,0.0031689521856606007,0.756184358805297,0.000226363815433559
/examples/20210312-Bouvier/vlsat3_a36.smt2,61777,61748,0.39183083875104785,0.002908852882683277,0.003052536863833666,0.9529296491542,0.007366359442591977
/examples/20210312-Bouvier/vlsat3_a93.smt2,4795373,0,30.058945233933628,0.0028175581246614456,0.0028564096428453922,0.9863984781450167,9.372552444019914e-05
/examples/20210312-Bouvier/vlsat3_a39.smt2,56618,56569,0.40355067886412144,0.0021699238568544388,0.0019070440903306007,1.1378467167365103,0.005351788198885046
/examples/20210312-Bouvier/vlsat3_g99.smt2,5984755,5984556,26.1307264668867,0.002958073280751705,0.0020416290499269962,1.4488789140502674,0.00011319402789219466
/examples/20210312-Bouvier/vlsat3_a04.smt2,334500,334471,2.1786533128470182,0.003108419943600893,0.0020193569362163544,1.5393117917157841,0.0014254408681656377
/examples/20210312-Bouvier/vlsat3_g46.smt2,1136524,1136389,5.102299256250262,0.003059918060898781,0.0030215862207114697,1.0126859991366672,0.0005993586211944676
/examples/20210312-Bouvier/vlsat3_g15.smt2,3277155,0,30.028478839434683,0.0029648439958691597,0.0020156269893050194,1.470928902818188,9.872777816509298e-05
/examples/20210312-Bouvier/vlsat3_a49.smt2,117656,117597,0.46560647059231997,0.0020474079065024853,0.002924632281064987,0.7000565232621088,0.004369844166046268
/examples/20210312-Bouvier/vlsat3_a76.smt2,175463,175442,1.4281639494001865,0.003177632112056017,0.002794526983052492,1.1370912255730146,0.0022206319501929307
/examples/20210312-Bouvier/vlsat3_g48.smt2,1559575,1559458,10.475704099051654,0.0029129511676728725,0.002986813895404339,0.9752703950369606,0.0002779880799875244
/examples/20210312-Bouvier/vlsat3_g56.smt2,1088364,1088253,5.8739509279839694,0.003011825028806925,0.0021090013906359673,1.4280811014063448,0.000512558596237373
/examples/20210312-Bouvier/vlsat3_g57.smt2,2586899,2586704,14.467917555943131,0.003053226973861456,0.0017798389308154583,1.715451281011466,0.0002110083501084892
/examples/20210312-Bouvier/vlsat3_g97.smt2,4453848,0,30.024934482760727,0.0023498800583183765,0.0031062401831150055,0.7565030132221989,7.825618993925498e-05
/examples/20210312-Bouvier/vlsat3_a75.smt2,1001352,1001329,16.693545552901924,0.002986505161970854,0.003229453694075346,0.924771012338651,0.0001788671860758168
/examples/20210312-Bouvier/vlsat3_g05.smt2,2320944,2320759,12.717649279627949,0.0030646477825939655,0.002165313344448805,1.4153368566497668,0.00024093494132274227
/examples/20210312-Bouvier/vlsat3_g02.smt2,1187806,1187683,6.055388031993061,0.00305324699729681,0.0017593270167708397,1.7354630311429529,0.0005040734220796516
/examples/20210312-Bouvier/vlsat3_a37.smt2,100812,100787,0.7278377721086144,0.0031265700235962868,0.0029239929281175137,1.0692809799677572,0.0042785079531892705
/examples/20210312-Bouvier/vlsat3_a68.smt2,60546,60523,0.38818453811109066,0.002122102305293083,0.0029745250940322876,0.713425584995266,0.005425164606706959
/examples/20210312-Bouvier/vlsat3_a61.smt2,3430704,0,30.057215413078666,0.003059936687350273,0.0029951948672533035,1.0216152280456932,0.00010179358778482509
/examples/20210312-Bouvier/vlsat3_a71.smt2,733578,733553,9.025574794970453,0.0032393941655755043,0.0022519868798553944,1.4384604966186632,0.0003588232521350582
/examples/20210312-Bouvier/vlsat3_a44.smt2,77625,77594,0.4958100523799658,0.0027760169468820095,0.002972654066979885,0.9338513275789092,0.005565583792302727
/examples/20210312-Bouvier/vlsat3_g40.smt2,5440481,0,30.022131043020636,0.0028628301806747913,0.0030653378926217556,0.9339362513886647,9.534759221407346e-05
/examples/20210312-Bouvier/vlsat3_a43.smt2,12145,12124,0.26615150971338153,0.0026051299646496773,0.0024424437433481216,1.0666079707033678,0.00969913853652466
/examples/20210312-Bouvier/vlsat3_a79.smt2,239993,239970,1.3605719907209277,0.00317235104739666,0.0027281236834824085,1.1628325601965384,0.0023269645574573844
/examples/20210312-Bouvier/vlsat3_g67.smt2,2837650,2837479,20.264767953194678,0.003025075886398554,0.0029911953024566174,1.0113267709113178,0.00014925556714161294
/examples/20210312-Bouvier/vlsat3_a38.smt2,456229,456190,3.1435378422029316,0.0020000068470835686,0.0025304770097136497,0.7903675233587246,0.000635716279544782
/examples/20210312-Bouvier/vlsat3_g77.smt2,2284291,2284110,12.648626517038792,0.003034885972738266,0.002841508947312832,1.0680543433123122,0.00023988409617797812
/examples/20210312-Bouvier/vlsat3_g14.smt2,3396155,0,30.029903976712376,0.0028650802560150623,0.0029338328167796135,0.9765656173823773,9.539825287858737e-05
/examples/20210312-Bouvier/vlsat3_g28.smt2,1611667,1611526,9.125087728723884,0.003110310062766075,0.0028027272783219814,1.1097441006205377,0.0003407479611809798
/examples/20210312-Bouvier/vlsat3_a47.smt2,34081,34054,0.31059557804837823,0.003057256806641817,0.002952743321657181,1.0353953844271095,0.00975051243547811
/examples/20210312-Bouvier/vlsat3_a83.smt2,51834,51807,0.28452569665387273,0.0027983966283500195,0.0028744302690029144,0.97354827442752,0.009736935951670524
/examples/20210312-Bouvier/vlsat3_g72.smt2,3651149,0,30.02630071900785,0.0028382991440594196,0.0030784890986979008,0.9219779746044663,9.451740991346267e-05
/examples/20210312-Bouvier/vlsat3_a70.smt2,760310,760215,3.734830506145954,0.0030759889632463455,0.002942563034594059,1.045343439404245,0.0008229469543266603
/examples/20210312-Bouvier/vlsat3_g94.smt2,2606849,0,30.03271940117702,0.0030484567396342754,0.0030474569648504257,1.0003280685487543,0.00010149422034176972
/examples/20210312-Bouvier/vlsat3_a51.smt2,111683,111662,0.9005573131144047,0.002975314389914274,0.002799747046083212,1.0627082879064655,0.0032936194569461695
/examples/20210312-Bouvier/vlsat3_a10.smt2,266275,266254,1.701429738663137,0.0029712640680372715,0.0029043317772448063,1.0230456765707259,0.0017433577838818469
/examples/20210312-Bouvier/vlsat3_g00.smt2,630825,630734,2.8864579969085753,0.002978913951665163,0.0029456126503646374,1.011305390508967,0.0010309788296138686
/examples/20210312-Bouvier/vlsat3_g04.smt2,1937522,1937345,9.569901956245303,0.0029443232342600822,0.0029786438681185246,0.9884777652589528,0.000307569200667268
/examples/20210312-Bouvier/vlsat3_a92.smt2,1968035,0,30.024459954816848,0.003069257829338312,0.0030515482649207115,1.0058034685609212,0.00010221485816509669
/examples/20210312-Bouvier/vlsat3_a23.smt2,341481,341450,2.150135900359601,0.0028968420810997486,0.003028496168553829,0.9565282304725687,0.0013453882507860192
/examples/20210312-Bouvier/vlsat3_g65.smt2,1790038,1789839,7.126748081762344,0.002981443889439106,0.0031009293161332607,0.9614678651098219,0.00041816367847432527
/examples/20210312-Bouvier/vlsat3_g60.smt2,2534827,0,30.033245763741434,0.0030875587835907936,0.0029929550364613533,1.0316088100144976,0.00010279445480836887
/examples/20210312-Bouvier/vlsat3_g69.smt2,2632855,2632654,14.391052122227848,0.003176141995936632,0.0032782158814370632,0.9688629763285495,0.0002206522930440002
/examples/20210312-Bouvier/vlsat3_g95.smt2,4976148,4975933,16.952796947211027,0.0029768641106784344,0.0030809780582785606,0.9662075011146629,0.00017556531863454977
/examples/20210312-Bouvier/vlsat3_g20.smt2,3592607,0,30.02590320352465,0.003055368550121784,0.0028938306495547295,1.0558214768344893,0.00010174795036393329
/examples/20210312-Bouvier/vlsat3_g13.smt2,3209230,0,30.026595706120133,0.002085961401462555,0.0019531147554516792,1.0680178395253348,6.946594102517578e-05
/examples/20210312-Bouvier/vlsat3_a06.smt2,155871,155836,1.0000951560214162,0.0028442582115530968,0.0031718118116259575,0.8967298126350858,0.0028349963696068002
/examples/20210312-Bouvier/vlsat3_a08.smt2,706507,706488,9.442685931921005,0.0030600475147366524,0.001980685628950596,1.5449435639909814,0.0003239974091886433
/examples/20210312-Bouvier/vlsat3_g90.smt2,2567286,2567093,14.381668045185506,0.0033182669430971146,0.0022323662415146828,1.486434833759911,0.00023069312552115415
/examples/20210312-Bouvier/vlsat3_a85.smt2,55821,55794,0.3511600149795413,0.0030263476073741913,0.0020673200488090515,1.463898929978268,0.008567705008252812
/examples/20210312-Bouvier/vlsat3_g79.smt2,1736635,1736428,6.426623760722578,0.002265406772494316,0.0029405932873487473,0.7703910575599584,0.0003523421880179875
/examples/20210312-Bouvier/vlsat3_g61.smt2,1982825,0,30.032367238774896,0.003047916106879711,0.0030884891748428345,0.986863134151931,0.00010147727187783098
/examples/20210312-Bouvier/vlsat3_g78.smt2,9588216,0,30.051975588314235,0.003145419992506504,0.002954483963549137,1.0646258471235703,0.00010465570822963891
/examples/20210312-Bouvier/vlsat3_a19.smt2,246597,246568,1.316460913978517,0.003027276135981083,0.0030534379184246063,0.9914320241175818,0.0022942350961390095
/examples/20210312-Bouvier/vlsat3_a94.smt2,6476835,0,30.080968080088496,0.0030952291563153267,0.002493336796760559,1.2414003436426118,0.00010288806575223538
/examples/20210312-Bouvier/vlsat3_g81.smt2,3979348,0,30.0273110056296,0.0029094424098730087,0.0028243092820048332,1.0301429905041222,9.688409257444509e-05
/examples/20210312-Bouvier/vlsat3_a88.smt2,2829071,0,30.052230089902878,0.0018042493611574173,0.0029111411422491074,0.6197739212889827,6.0031305369270325e-05
/examples/20210312-Bouvier/vlsat3_g10.smt2,2654453,0,30.03358353022486,0.00208435021340847,0.0028524594381451607,0.7307203690734474,6.939405907298044e-05
/examples/20210312-Bouvier/vlsat3_a14.smt2,409121,409100,3.6250282544642687,0.002013598568737507,0.003039036877453327,0.6625778659273381,0.0005550058494071766
/examples/20210312-Bouvier/vlsat3_a65.smt2,3407296,0,30.0389034319669,0.0030580079182982445,0.0027123549953103065,1.1274364615198142,0.00010179239159384337
/examples/20210312-Bouvier/vlsat3_a82.smt2,3990445,0,30.060155405662954,0.002827099524438381,0.0029473230242729187,0.959209255706135,9.403884721920826e-05
/examples/20210312-Bouvier/vlsat3_a67.smt2,133,0,0.003094208426773548,0.0031060194596648216,0.0030472762882709503,1.0192772711880362,0.5057440674005352
/examples/20210312-Bouvier/vlsat3_a35.smt2,439576,439549,3.6508836150169373,0.002953493967652321,0.002445213496685028,1.2078675222659976,0.0008084391266947539
/examples/20210312-Bouvier/vlsat3_g37.smt2,2385066,2384929,19.45357396453619,0.0030074259266257286,0.0029711946845054626,1.012194166309333,0.00015457142581145618
/examples/20210312-Bouvier/vlsat3_a98.smt2,1529011,0,30.03210816439241,0.003000674769282341,0.0029378635808825493,1.0213798859853536,9.990578228139378e-05
/examples/20210312-Bouvier/vlsat3_a64.smt2,2745725,0,30.051319720223546,0.0027752062305808067,0.002179904840886593,1.2730859524363907,9.234219858596108e-05
/examples/20210312-Bouvier/vlsat3_g41.smt2,3924427,3924332,28.210674706846476,0.0030767489224672318,0.0031058695167303085,0.9906240123397929,0.00010905128131055413
/examples/20210312-Bouvier/vlsat3_a13.smt2,149840,149809,1.0096250912174582,0.0032644057646393776,0.003111599013209343,1.0491087543032827,0.003223350942184049
/examples/20210312-Bouvier/vlsat3_g43.smt2,4512912,0,30.032316085882485,0.0030131861567497253,0.0028560999780893326,1.0550002380398043,0.00010032192051718017
/examples/20210312-Bouvier/vlsat3_a31.smt2,99253,99226,0.5489209676161408,0.0030169859528541565,0.001834050752222538,1.644984987028366,0.005477909146959956
/examples/20210312-Bouvier/vlsat3_a73.smt2,180051,180028,1.4794536605477333,0.001969895325601101,0.0019251834601163864,1.023224729700312,0.001329771471740191
/examples/20210312-Bouvier/vlsat3_a66.smt2,2911629,0,30.05159913469106,0.002861950546503067,0.0022963183000683784,1.2463213598993856,9.522727431389365e-05
/examples/20210312-Bouvier/vlsat3_a80.smt2,1494431,0,30.032703497447073,0.001986945979297161,0.002223295159637928,0.8936941956104212,6.615451381044354e-05
/examples/20210312-Bouvier/vlsat3_g89.smt2,2182602,0,30.03429004829377,0.0029091211035847664,0.002943253144621849,0.9884032941239012,9.685050132248557e-05
/examples/20210312-Bouvier/vlsat3_g32.smt2,1779004,1778881,12.74323966074735,0.0020688995718955994,0.0028948215767741203,0.7146898408160626,0.00016231584365947763
/examples/20210312-Bouvier/vlsat3_a69.smt2,183107,183084,1.5322540188208222,0.0022336551919579506,0.003039136528968811,0.7349637539040857,0.0014548721097170849
/examples/20210312-Bouvier/vlsat3_a30.smt2,68724,68699,0.4694571066647768,0.003025536425411701,0.0029643336310982704,1.020646392049587,0.006404316500785451
/examples/20210312-Bouvier/vlsat3_g03.smt2,1200255,1200130,6.143010690808296,0.0029492229223251343,0.003040846437215805,0.9698690753438503,0.00047985652324140666
/examples/20210312-Bouvier/vlsat3_a07.smt2,306330,306309,2.2014044132083654,0.002069089561700821,0.0022133756428956985,0.9348117516075527,0.0009389511975120833
/examples/20210312-Bouvier/vlsat3_g06.smt2,2234535,2234376,14.267485909163952,0.003128640353679657,0.0019167643040418625,1.6322509486859302,0.00021925517313327604
/examples/20210312-Bouvier/vlsat3_g76.smt2,6348343,0,30.03525646124035,0.002784627489745617,0.002036597579717636,1.3672939207419128,9.270567372008732e-05
/examples/20210312-Bouvier/vlsat3_a96.smt2,2259286,0,30.022140806540847,0.0030178362503647804,0.003144100308418274,0.9598409574543714,0.00010050982895673912
/examples/20210312-Bouvier/vlsat3_g42.smt2,3972366,3972269,28.328533840365708,0.002999485470354557,0.0028190575540065765,1.0640029204411054,0.00010587159325436945
/examples/20210312-Bouvier/vlsat3_a99.smt2,731250,731229,9.912005998194218,0.003063928335905075,0.0029187817126512527,1.0497284954968351,0.0003090218437273767
/examples/20210312-Bouvier/vlsat3_a33.smt2,251186,251165,1.525366852991283,0.0021021608263254166,0.0030302759259939194,0.6937192776053605,0.0013754022345060255
/examples/20210312-Bouvier/vlsat3_g19.smt2,3315374,0,30.025064556859434,0.001914752647280693,0.0030526667833328247,0.6272393232484466,6.376532477944053e-05
/examples/20210312-Bouvier/vlsat3_g80.smt2,4781658,4781445,15.9780625840649,0.0033000772818922997,0.0028208578005433083,1.1698843101047816,0.00020650155505464864
/examples/20210312-Bouvier/vlsat3_g55.smt2,652446,652327,2.336055714637041,0.003156360238790512,0.0028229784220457077,1.1180957722316613,0.0013495185740745783
/examples/20210312-Bouvier/vlsat3_g08.smt2,1775700,1775621,20.42667842004448,0.0032658651471138,0.0029120221734046936,1.1215110849569523,0.00015985955060385682
/examples/20210312-Bouvier/vlsat3_a01.smt2,134477,134456,1.0158288069069386,0.0024137329310178757,0.003205043263733387,0.7531046330420653,0.0023686484316626124
/examples/20210312-Bouvier/vlsat3_g26.smt2,886061,885940,3.8945003785192966,0.003007626160979271,0.003094268962740898,0.9719989429474549,0.0007716621231821239
/examples/20210312-Bouvier/vlsat3_g74.smt2,4238613,4238350,24.069648168049753,0.003106539137661457,0.0031044194474816322,1.0006827976102084,0.0001290479402540328
/examples/20210312-Bouvier/vlsat3_a74.smt2,752133,752108,9.603322613984346,0.0029572537168860435,0.001672954298555851,1.7676835042289212,0.0003078870464710392
/examples/20210312-Bouvier/vlsat3_a48.smt2,47541,47510,0.38857771176844835,0.0029835449531674385,0.003087488003075123,0.9663341040340375,0.007617590112442665
/examples/20210312-Bouvier/vlsat3_a00.smt2,65779,65758,0.4692932413890958,0.0030200649052858353,0.0031794924288988113,0.949857555198459,0.006392040617626881
/examples/20210312-Bouvier/vlsat3_g82.smt2,5396860,0,30.026740046218038,0.0031131701543927193,0.0030475277453660965,1.0215395607559061,0.0001036694031459589
/examples/20210312-Bouvier/vlsat3_a55.smt2,38612,38581,0.32317187916487455,0.003000854514539242,0.0029342416673898697,1.0227018953106979,0.009202079699947607
/examples/20210312-Bouvier/vlsat3_g50.smt2,2564735,0,30.033221665769815,0.002902311272919178,0.002395051531493664,1.2117949174601532,9.662898885133828e-05
/examples/20210312-Bouvier/vlsat3_g23.smt2,5476560,0,30.051712403073907,0.0028454596176743507,0.003050757572054863,0.9327059100791703,9.467582900138194e-05
/examples/20210312-Bouvier/vlsat3_a28.smt2,179406,179385,1.523849755525589,0.0028959326446056366,0.0028755413368344307,1.0070912935627119,0.0018968262663604737
/examples/20210312-Bouvier/vlsat3_g07.smt2,1972983,1972880,18.860483795404434,0.0028939610347151756,0.0028912806883454323,1.0009270446762737,0.0001534169268776799
/examples/20210312-Bouvier/vlsat3_g52.smt2,3904180,0,30.022641396149993,0.0019738459959626198,0.002868039533495903,0.688221334786367,6.573896773311111e-05
/examples/20210312-Bouvier/vlsat3_g25.smt2,946402,946265,3.7418724559247494,0.0030283164232969284,0.0028060879558324814,1.0791951182437254,0.0008086986340244595
/examples/20210312-Bouvier/vlsat3_a58.smt2,636433,636404,6.28032202180475,0.0026835426688194275,0.0026485519483685493,1.0132112645449267,0.0004271136777291031
/examples/20210312-Bouvier/vlsat3_g18.smt2,4131505,0,30.02398548834026,0.0029663341119885445,0.0029636844992637634,1.0008940265825998,9.878906095034464e-05
/examples/20210312-Bouvier/vlsat3_g33.smt2,2120687,2120536,13.536963882856071,0.0031811418011784554,0.003222974017262459,0.9870206164058576,0.000234940760774186
/examples/20210312-Bouvier/vlsat3_g62.smt2,3246617,0,30.028483948670328,0.0031041186302900314,0.003025236539542675,1.0260746853068492,0.0001033620592007667
/examples/20210312-Bouvier/vlsat3_g51.smt2,3315417,0,30.02842870634049,0.002979145385324955,0.0033425092697143555,0.8912900892506865,9.91997895807233e-05
/examples/20210312-Bouvier/vlsat3_g17.smt2,3995113,0,30.023081321269274,0.002894011326134205,0.002729385159909725,1.060316209175082,9.638411946407607e-05
/examples/20210312-Bouvier/vlsat3_a42.smt2,883648,883621,12.11905260477215,0.003194352611899376,0.0020343177020549774,1.5702329133117128,0.00026353681252599514
/examples/20210312-Bouvier/vlsat3_a09.smt2,137537,137514,0.9913750877603889,0.00306110642850399,0.0030335169285535812,1.0090948890677738,0.0030783185242665156
/examples/20210312-Bouvier/vlsat3_g22.smt2,5335855,0,30.046298487111926,0.002069614827632904,0.0023196758702397346,0.8922000069858953,6.887554084541989e-05
/examples/20210312-Bouvier/vlsat3_g16.smt2,3949647,0,30.02147977333516,0.002788200043141842,0.0030111679807305336,0.9259530059380487,9.286419039015497e-05
/examples/20210312-Bouvier/vlsat3_a63.smt2,2065369,0,30.022087525576353,0.0029020924121141434,0.002450205385684967,1.1844282234743555,9.665735533111755e-05
/examples/20210312-Bouvier/vlsat3_a18.smt2,149955,149928,0.9938945975154638,0.002792954444885254,0.0028085950762033463,0.9944311547611073,0.0028021927346524324
/examples/20210312-Bouvier/vlsat3_a52.smt2,144167,144132,0.8372432189062238,0.002751200459897518,0.002866460010409355,0.9597902813598377,0.003274811050201612
/examples/20210312-Bouvier/vlsat3_a24.smt2,83315,83282,0.541855288669467,0.0028653591871261597,0.002987918443977833,0.9589817261917934,0.005259052787510568
/examples/20210312-Bouvier/vlsat3_g58.smt2,2017721,2017592,14.709471836686134,0.0023835385218262672,0.003204982727766037,0.7436977744612248,0.00016200576897611884
/examples/20210312-Bouvier/vlsat3_g71.smt2,2109568,2109457,19.059074900113046,0.0030858805403113365,0.002035188488662243,1.5162627724667055,0.00016189406209644904
/examples/20210312-Bouvier/vlsat3_a77.smt2,1731221,0,30.029335306957364,0.002948594279587269,0.0029027098789811134,1.0158074359888358,9.81809706600707e-05
/examples/20210312-Bouvier/vlsat3_a27.smt2,30566,30537,0.30199560336768627,0.0029199011623859406,0.003163980320096016,0.9228569292420035,0.009568439985071474
/examples/20210312-Bouvier/vlsat3_g45.smt2,4896931,0,30.02926843147725,0.001729787327349186,0.0024462714791297913,0.7071117584890949,5.7598686736954866e-05
/examples/20210312-Bouvier/vlsat3_g38.smt2,2649021,0,30.03050812613219,0.0024603381752967834,0.002501321956515312,0.9836151515354605,8.192113346314546e-05
/examples/20210312-Bouvier/vlsat3_a40.smt2,296780,296751,1.6898362133651972,0.0030483203008770943,0.0029062600806355476,1.0488807664489823,0.0018008175187285153
/examples/20210312-Bouvier/vlsat3_a34.smt2,282525,282504,1.8562896307557821,0.0027121566236019135,0.002847595140337944,0.9524375797607391,0.0014588254088100628
/examples/20210312-Bouvier/vlsat3_g96.smt2,1131370,1131273,7.10112583450973,0.002873615361750126,0.002921498380601406,0.9836101162440407,0.00040450397176351234
/examples/20210312-Bouvier/vlsat3_a32.smt2,139860,139823,0.8090048069134355,0.0030097458511590958,0.0030075646936893463,1.000725223791304,0.003706527088007593
/examples/20210312-Bouvier/vlsat3_a15.smt2,64013,63968,0.3502790117636323,0.00308248121291399,0.001854652538895607,1.6620262546587408,0.00875372486473132
/examples/20210312-Bouvier/vlsat3_a62.smt2,1419597,0,30.031353617087007,0.0029633482918143272,0.0019088834524154663,1.5523987533469161,9.866887727435883e-05
/examples/20210312-Bouvier/vlsat3_g68.smt2,1984811,1984628,9.303015966899693,0.0021094270050525665,0.0028684688732028008,0.735384310688816,0.00022667668179326245
/examples/20210312-Bouvier/vlsat3_g83.smt2,4539622,0,30.045159122906625,0.0028992267325520515,0.002849244512617588,1.0175422711926345,9.648648579636494e-05
/examples/20210312-Bouvier/vlsat3_a84.smt2,5380552,0,30.060710674151778,0.002832738682627678,0.0020152442157268524,1.4056552851119208,9.422760565092175e-05
/examples/20210312-Bouvier/vlsat3_a20.smt2,268468,268447,1.6241596266627312,0.002919275313615799,0.0023975102230906487,1.2176278897582922,0.0017947573112648185
/examples/20210312-Bouvier/vlsat3_g24.smt2,6666986,0,30.05798800755292,0.0029854662716388702,0.0021571312099695206,1.383998459547138,9.931642904109197e-05
/examples/20210312-Bouvier/vlsat3_g11.smt2,2501929,0,30.030413006432354,0.002998882904648781,0.002217172645032406,1.352570766813222,9.98541548564731e-05
/examples/20210312-Bouvier/vlsat3_a53.smt2,322984,322949,1.8199471337720752,0.003026604652404785,0.001985066570341587,1.524686727198258,0.0016612059723385758
/examples/20210312-Bouvier/vlsat3_a89.smt2,3308332,0,30.051472048275173,0.002821657806634903,0.0029557552188634872,0.9546317599736335,9.388492853977628e-05
/examples/20210312-Bouvier/vlsat3_g75.smt2,3827156,3827063,26.499892474152148,0.0030613718554377556,0.0027458500117063522,1.1149086229714815,0.00011551196594063397
/examples/20210312-Bouvier/vlsat3_a29.smt2,186231,186210,0.9485805425792933,0.0030471188947558403,0.002763821743428707,1.1025019620026884,0.0032029609981713988
/examples/20210312-Bouvier/vlsat3_a21.smt2,126558,126531,0.8055850639939308,0.002906390465795994,0.0027518896386027336,1.0561435404334412,0.0035955184935380627
/examples/20210312-Bouvier/vlsat3_a57.smt2,182818,182797,0.901606060564518,0.003127473406493664,0.003084121271967888,1.0140565596170978,0.0034569551756878964
/examples/20210312-Bouvier/vlsat3_a25.smt2,95013,94982,0.5022306209430099,0.002960924059152603,0.0023377053439617157,1.2665942124830485,0.005868232120199688
/examples/20210312-Bouvier/vlsat3_a95.smt2,1054884,1054863,19.231575072743,0.002888096496462822,0.001866883598268032,1.5470147678956534,0.00015016014829891727
/examples/20210312-Bouvier/vlsat3_g47.smt2,1162905,1162786,6.069669658318162,0.0029452890157699585,0.003025834448635578,0.9733807535630578,0.00048500522037999425
/examples/20210312-Bouvier/vlsat3_a46.smt2,990710,990681,14.056358120404184,0.001844971440732479,0.0030734576284885406,0.600291809339111,0.00013122660261849966
/examples/20210312-Bouvier/vlsat3_a91.smt2,4043257,0,30.05884470883757,0.0030586933717131615,0.0028266487643122673,1.082091772536639,0.00010174728262205191
/examples/20210312-Bouvier/vlsat3_a50.smt2,455833,455796,3.1849604975432158,0.002798627130687237,0.002793416380882263,1.0018653680993048,0.0008779307331293182
/examples/20210312-Bouvier/vlsat3_g30.smt2,1816884,1816739,10.858785163611174,0.0023354189470410347,0.0023300284519791603,1.0023134889435774,0.00021502570461159098
/examples/20210312-Bouvier/vlsat3_g92.smt2,9730465,0,30.05234284233302,0.0028782375156879425,0.0030409274622797966,0.9464998923486703,9.576445730100707e-05
/examples/20210312-Bouvier/vlsat3_a17.smt2,83846,83823,0.5672072600573301,0.0018713884055614471,0.002401290461421013,0.7793261313560604,0.0032853938092346846
/examples/20210312-Bouvier/vlsat3_a41.smt2,736534,736509,8.70136751793325,0.0028285952284932137,0.0028556659817695618,0.9905203362546017,0.0003249681411800561
/examples/20210312-Bouvier/vlsat3_g27.smt2,1420665,1420508,6.126440159976482,0.0028343740850687027,0.002891378477215767,0.9802847006726161,0.00046242792828004795
/examples/20210312-Bouvier/vlsat3_a02.smt2,152817,152784,0.9524618722498417,0.0019874246791005135,0.002740299329161644,0.7252582438534326,0.0020806324966945876
/examples/20210312-Bouvier/vlsat3_g73.smt2,1926487,1926330,10.928555700927973,0.0029659615829586983,0.002881515771150589,1.0293060383890906,0.0002713240285026588
/examples/20210312-Bouvier/vlsat3_g21.smt2,4372775,0,30.043770047836006,0.003060382790863514,0.002848132513463497,1.0745226131146222,0.00010185448400529177
/examples/20210312-Bouvier/vlsat3_a26.smt2,240064,240035,1.2819391591474414,0.002880724146962166,0.0018854672089219093,1.527856932929284,0.0022438611067447586
/examples/20210312-Bouvier/vlsat3_a56.smt2,61798,61773,0.394070397131145,0.002019815146923065,0.002809329889714718,0.7189668804357375,0.005089237392105203
/examples/20210312-Bouvier/vlsat3_a12.smt2,69218,69189,0.4308771574869752,0.0018951883539557457,0.002839101478457451,0.6675310369622452,0.0043696502374073855
/examples/20210312-Bouvier/vlsat3_a16.smt2,73183,73152,0.46599558275192976,0.003030553460121155,0.0001456085592508316,20.81301728218183,0.006501363785501755
/examples/20210312-Bouvier/vlsat3_g31.smt2,1833928,1833781,10.74777518119663,0.0031059468165040016,0.0031380075961351395,0.989783077749517,0.0002889007437751223
/examples/20210312-Bouvier/vlsat3_a05.smt2,438326,438293,3.122903423383832,0.0031713806092739105,0.0021940739825367928,1.4454301151719386,0.001014810133746722
/examples/20210312-Bouvier/vlsat3_g64.smt2,5186753,0,30.04977612849325,0.0028237877413630486,0.0030592307448387146,0.9230384946042771,9.396077633304009e-05
/examples/20210312-Bouvier/vlsat3_a86.smt2,3170085,0,30.05063797067851,0.0028662486001849174,0.00213684793561697,1.3413442072364163,9.537384209892048e-05
/examples/20210312-Bouvier/vlsat3_a72.smt2,95281,95254,0.5114344144240022,0.0020138220861554146,0.0018361611291766167,1.0967567356457795,0.00392350970827621
/examples/20210312-Bouvier/vlsat3_g35.smt2,2157333,2157204,16.98043437395245,0.0028466153889894485,0.0029735127463936806,0.9573240916629212,0.00016761155405205078
/examples/20210312-Bouvier/vlsat3_g84.smt2,1667655,1667538,11.610931534320116,0.0030698562040925026,0.0027328087016940117,1.1233337343333114,0.0002643314042339322
/examples/20210312-Bouvier/vlsat3_g66.smt2,2437018,2436869,17.512781308963895,0.0031952541321516037,0.0023754900321364403,1.3450926288576734,0.0001824279490512329
/examples/20210312-Bouvier/vlsat3_g36.smt2,2019036,2018929,18.339365115389228,0.002911216579377651,0.0028741061687469482,1.0129119832225553,0.00015871653096509854
/examples/20210312-Bouvier/vlsat3_g53.smt2,3974574,3974481,28.505267415195704,0.002893233671784401,0.002856401726603508,1.0128945255976614,0.00010148804215824926
/examples/20210312-Bouvier/vlsat3_g87.smt2,7035533,0,30.054454586468637,0.002956175245344639,0.0027719568461179733,1.066457888579563,9.83515641765738e-05
/examples/20210312-Bouvier/vlsat3_a45.smt2,241780,241759,1.356968411244452,0.00327354297041893,0.0031672269105911255,1.0335675538346452,0.0024067768526816412
/examples/20210312-Bouvier/vlsat3_g44.smt2,5042838,0,30.048585556447506,0.0030881715938448906,0.0018554367125034332,1.6643906919779548,0.00010276626537852842
/examples/20210312-Bouvier/vlsat3_g70.smt2,1404824,1404783,21.964797837659717,0.0029531344771385193,0.003109482116997242,0.9497190741171703,0.00013442948543760224
/examples/20210312-Bouvier/vlsat3_a11.smt2,581961,581940,6.344282696954906,0.002043335698544979,0.003184936009347439,0.6415625596709046,0.0003219135278348392
/examples/20210312-Bouvier/vlsat3_g54.smt2,5208584,0,30.047569002956152,0.0030416464433073997,0.0029960935935378075,1.0152040810299932,0.0001012176121658568
/examples/20210312-Bouvier/vlsat3_g85.smt2,3171842,0,30.027474130503833,0.0029936833307147026,0.0029406799003481865,1.0180242094218552,9.968837758702976e-05
/examples/20210312-Bouvier/vlsat3_g86.smt2,2369674,2369531,17.890531800687313,0.002949771471321583,0.0031179096549749374,0.9460734266674233,0.0001648501853490881
/examples/20210312-Bouvier/vlsat3_g98.smt2,9826013,0,30.057226568460464,0.0028098318725824356,0.0029642293229699135,0.9479131222435975,9.347352089294209e-05
/examples/20210312-Bouvier/vlsat3_g88.smt2,1444793,1444690,10.121245555579662,0.0029854411259293556,0.0031019365414977074,0.962444294391624,0.0002948773862466344
/examples/20210312-Bouvier/vlsat3_a78.smt2,74618,74597,0.5326148672029376,0.0027591781690716743,0.0028160912916064262,0.97979002928478,0.005153191322424794
/examples/20210312-Bouvier/vlsat3_g93.smt2,8168873,8168574,26.56009491533041,0.003241722472012043,0.0030187908560037613,1.0738479830641185,0.00012203849698753736
/examples/20210312-Bouvier/vlsat3_a54.smt2,535158,535137,5.461566559039056,0.002377578988671303,0.0031261760741472244,0.7605390522732702,0.0004350800866431606
/examples/20210312-Bouvier/vlsat3_a90.smt2,3765589,0,30.04356779064983,0.002993600443005562,0.0029200762510299683,1.0251788602950558,9.963229167636943e-05
/examples/20210312-Bouvier/vlsat3_g49.smt2,2175501,2175348,13.666158108972013,0.0031386762857437134,0.0031540170311927795,0.9951361247268647,0.0002296147938397714
/examples/20210312-Bouvier/vlsat3_g12.smt2,2443357,0,30.031310851685703,0.0026997141540050507,0.0032872436568140984,0.8212698649243225,8.988680805499764e-05
/examples/20210312-Bouvier/vlsat3_a60.smt2,198336,198311,0.97456831112504,0.00283650029450655,0.0030056973919272423,0.9437078736285545,0.0029015708987697765
/examples/20210312-Bouvier/vlsat3_a97.smt2,133,0,0.002799857407808304,0.0029336242005228996,0.002552035264670849,1.1495233789025507,0.548147053771906
/examples/20210312-Bouvier/vlsat3_g59.smt2,1565349,1565286,19.772673374041915,0.0032437387853860855,0.0032032467424869537,1.0126409378216348,0.00016402503148593288
/examples/20210312-Bouvier/vlsat3_a81.smt2,1646045,0,30.02940192259848,0.0028778817504644394,0.002865750342607498,1.0042332396079914,9.582632193496981e-05
/examples/20210312-Bouvier/vlsat3_g34.smt2,2606511,2606314,14.118549319915473,0.002956273965537548,0.00318230502307415,0.9289725353485276,0.0002093421716297779
/examples/20210312-Bouvier/vlsat3_a59.smt2,140596,140571,0.9424338825047016,0.003130032680928707,0.0030447691679000854,1.028003276546388,0.0033105270810626065
/examples/20210312-Bouvier/vlsat3_a87.smt2,4250189,0,30.059551440179348,0.0027996664866805077,0.0030527785420417786,0.9170879735049556,9.312787629146993e-05
/examples/20210312-Bouvier/vlsat3_a22.smt2,183766,183729,1.1687590414658189,0.0031158914789557457,0.0029794154688715935,1.0458063037901324,0.00265920390383621
/examples/20210312-Bouvier/vlsat3_g09.smt2,2959040,2958873,21.14421588368714,0.003053228370845318,0.0025604842230677605,1.1924417824325402,0.00014438268593403809
/examples/20210312-Bouvier/vlsat3_g91.smt2,4849537,4849320,15.426911489106715,0.0022860197350382805,0.0024428879842162132,0.9357857379497231,0.00014816042714220745
/examples/20210312-Bouvier/vlsat3_g39.smt2,4747717,4747506,15.40421390067786,0.0019943956285715103,0.0028982488438487053,0.6881381606705204,0.00012944642767680661
/examples/20210312-Bouvier/vlsat3_g01.smt2,558844,558791,3.4473894434049726,0.0029509318992495537,0.0017438940703868866,1.6921508876940463,0.0008555575011227397
/examples/2017-BuchwaldFried/synthesis.dump.ia32_RorMem_base_index_scale_disp2--Add32.Add32.Add32.load32.Minus32.Or32.Shr32.store32.am_shl32.0001.smt2,224880,215910,0.4837248735129833,0.0030441563576459885,0.0031583821401000023,0.9638340842282,0.006252333228347921
/examples/2017-BuchwaldFried/synthesis.dump.ia32_RorMem_base_index_scale_disp2--Add32.Add32.Add32.Add32.load32.Shl32.Shr32.store32.am_shl32.0001.smt2,191961,184667,0.44527871161699295,0.0026166262105107307,0.0031915931031107903,0.819849562890818,0.005834558460105406
/examples/2017-BuchwaldFried/synthesis.dump.ia32_RorMem_base_index_scale_disp2--Add32.Add32.Add32.Add32.load32.Or32.Or32.store32.am_shl32.0001.smt2,190960,183747,0.47413150779902935,0.0028758374974131584,0.0018402589485049248,1.5627352334026496,0.006042033789240623
/examples/2017-BuchwaldFried/counterexample.dump.ia32_Mul_base_disp--Add32.load32.Mul32.Mulh_u32.0005.smt2,18993,18479,0.3324644910171628,0.0026596179232001305,0.002349643036723137,1.1319242462077521,0.007943565258126421
/examples/20200415-Yurichev/t2.smt2,14992,13928,0.3043241472914815,0.002821294590830803,0.0029135094955563545,0.968349200554796,0.009182776031866388
